id,type,lon,lat,name,category,subcategory,description,location,start_time,end_time,website
gym_1792236,Gym / Fitness Center,-76.47730907608567,42.453188923853595,Helen Newman,Cornell Rec,Athletics Facility,"Helen Newman Hall is a full-service Cornell recreation center on North Campus. It includes a fitness room with cardio and strength equipment, a swimming pool, bowling lanes, and indoor courts for basketball, volleyball, and badminton.
Facilities: HNH Fitness Center, HNH Pool, HNH Bowling, HNH Court 1, HNH Court 2 | Activities: Bowling, Basketball, Volleyball, Badminton, Swimming | Amenities: Showers, Lockers, Parking, Elevators",163 Cradit Farm Road,,,https://appdev-upload.nyc3.cdn.digitaloceanspaces.com/uplift/helen-newman.jpg
class_701090,Group Fitness Class,-76.47730907608567,42.453188923853595,ZUMBA®,Cornell Rec class,Group Fitness,"Instructor: Livia. ZUMBA® combines Latin rhythms and international dance moves to create an upbeat, calorie blasting experience! With a fusion of Latin, Belly dance, Reggaeton, Hip-Hop, and other forms of dance, routines feature aerobic interval training with a combination of fast and slow rhythms that tone and sculpt the body. Spend 45 minutes dancing your worries away! ",Helen Newman Hall Dance Studio,2026-03-18T18:00:00,2026-03-18T18:45:00,https://appdev-upload.nyc3.cdn.digitaloceanspaces.com/uplift/helen-newman.jpg
class_701105,Group Fitness Class,-76.47730907608567,42.453188923853595,Pilates - Mat Express,Cornell Rec class,Group Fitness,"Instructor: Sophia. Pilates is a conditioning program designed to increase body awareness, improve alignment and breathing. You will build endurance, flexibility, coordination, and strength through a highly focused flow of movements.",Helen Newman Hall Dance Studio,2026-03-21T10:15:00,2026-03-21T11:00:00,https://appdev-upload.nyc3.cdn.digitaloceanspaces.com/uplift/helen-newman.jpg
class_701108,Group Fitness Class,-76.47730907608567,42.453188923853595,H.I.I.T. & Core,Cornell Rec class,Group Fitness,"Instructor: Emily E.. H.I.I.T. & Core is a total-body interval training workout that incorporates cardio/plyometrics, strength, and core work, using a variety of equipment such as light dumbbells, bands, or just body weight and a mat. The class is typically structured around timed intervals, helping you push through each round with focus and intensity. Bring a sweat towel, water bottle, and let’s smash this high-intensity session! ",Helen Newman Hall Dance Studio,2026-03-21T12:15:00,2026-03-21T13:00:00,https://appdev-upload.nyc3.cdn.digitaloceanspaces.com/uplift/helen-newman.jpg
class_701111,Group Fitness Class,-76.47730907608567,42.453188923853595,Barre Express,Cornell Rec class,Group Fitness,"Instructor: Olivia. This high-energy, low-impact class moves through a fast-paced series of exercises using small, controlled movements, isometric holds, and high repetitions—often with light equipment. You'll target muscles you didn’t even know you had, while strengthening your core, glutes, legs, and arms, and improving balance and posture. ",Helen Newman Hall Dance Studio,2026-03-22T11:00:00,2026-03-22T11:45:00,https://appdev-upload.nyc3.cdn.digitaloceanspaces.com/uplift/helen-newman.jpg
class_701123,Group Fitness Class,-76.47730907608567,42.453188923853595,Cycling Express,Cornell Rec class,Group Fitness,"Instructor: Lynn. Short on time or just getting started with exercise? Cycling Express is the perfect way to fit in an efficient, effective cardio workout. This 45-minute indoor cycling class blends energizing music with basic cycling movements, motivational coaching and breath awareness.This low-impact, high-energy ride lets you set the pace to match your goals. Whether you're building stamina or simply boosting your mood, this class will move you. ",Helen Newman Hall Dance Studio,2026-03-23T17:30:00,2026-03-23T18:15:00,https://appdev-upload.nyc3.cdn.digitaloceanspaces.com/uplift/helen-newman.jpg
class_701125,Group Fitness Class,-76.47730907608567,42.453188923853595,ZUMBA®,Cornell Rec class,Group Fitness,"Instructor: Kate P.. ZUMBA® combines Latin rhythms and international dance moves to create an upbeat, calorie blasting experience! With a fusion of Latin, Belly dance, Reggaeton, Hip-Hop, and other forms of dance, routines feature aerobic interval training with a combination of fast and slow rhythms that tone and sculpt the body. Spend 45 minutes dancing your worries away! ",Helen Newman Hall Dance Studio,2026-03-23T18:30:00,2026-03-23T19:15:00,https://appdev-upload.nyc3.cdn.digitaloceanspaces.com/uplift/helen-newman.jpg
class_701133,Group Fitness Class,-76.47730907608567,42.453188923853595,Free Yoga - Slow Flow Vinyasa,Cornell Rec class,Group Fitness,"Instructor: Marley. No membership required.  Offered in collaboration with Cornell Minds Matter.Come slow down and get into the flow in this Slow Flow Vinyasa Yoga class!  A slower approach provides space to focus on alignment, to find variations to meet individual needs, and to stay in the postures for a bit, with an emphasis on cultivating mindfulness, strength, and flexibility.The flowing Vinyasa transitions between postures helps to create a fluid & dynamic experience based on the breath, helping folks to leave class feeling grounded, calm, and energized!",Helen Newman Hall Classroom,2026-03-24T18:15:00,2026-03-24T19:15:00,https://appdev-upload.nyc3.cdn.digitaloceanspaces.com/uplift/helen-newman.jpg
class_701141,Group Fitness Class,-76.47730907608567,42.453188923853595,Pilates - Mat Express,Cornell Rec class,Group Fitness,"Instructor: Jana. Pilates is a conditioning program designed to increase body awareness, improve alignment and breathing. You will build endurance, flexibility, coordination, and strength through a highly focused flow of movements.",Helen Newman Hall Dance Studio,2026-03-25T17:00:00,2026-03-25T17:45:00,https://appdev-upload.nyc3.cdn.digitaloceanspaces.com/uplift/helen-newman.jpg
class_701153,Group Fitness Class,-76.47730907608567,42.453188923853595,Pilates - Mat ,Cornell Rec class,Group Fitness,Instructor: Sophia. ,Helen Newman Hall Dance Studio,2026-03-26T18:45:00,2026-03-26T19:45:00,https://appdev-upload.nyc3.cdn.digitaloceanspaces.com/uplift/helen-newman.jpg
class_701177,Group Fitness Class,-76.47730907608567,42.453188923853595,Cycling Express (CANCELED),Cornell Rec class,Group Fitness,"Instructor: Jamie H.. Short on time or just getting started with exercise? Cycling Express is the perfect way to fit in an efficient, effective cardio workout. This 45-minute indoor cycling class blends energizing music with basic cycling movements, motivational coaching and breath awareness.This low-impact, high-energy ride lets you set the pace to match your goals. Whether you're building stamina or simply boosting your mood, this class will move you. ",Helen Newman Hall Dance Studio,,,https://appdev-upload.nyc3.cdn.digitaloceanspaces.com/uplift/helen-newman.jpg
class_701179,Group Fitness Class,-76.47730907608567,42.453188923853595,ZUMBA®,Cornell Rec class,Group Fitness,"Instructor: Kate P.. ZUMBA® combines Latin rhythms and international dance moves to create an upbeat, calorie blasting experience! With a fusion of Latin, Belly dance, Reggaeton, Hip-Hop, and other forms of dance, routines feature aerobic interval training with a combination of fast and slow rhythms that tone and sculpt the body. Spend 45 minutes dancing your worries away! ",Helen Newman Hall Dance Studio,2026-03-30T18:30:00,2026-03-30T19:15:00,https://appdev-upload.nyc3.cdn.digitaloceanspaces.com/uplift/helen-newman.jpg
class_701188,Group Fitness Class,-76.47730907608567,42.453188923853595,ZUMBA® Toning,Cornell Rec class,Group Fitness,Instructor: Carol. ZUMBA® Toning blends specific ZUMBA® moves and body sculpting techniques using maraca-like ZUMBA® Toning sticks for an intense strength-training experience. ,Helen Newman Hall Dance Studio,2026-03-31T18:45:00,2026-03-31T19:30:00,https://appdev-upload.nyc3.cdn.digitaloceanspaces.com/uplift/helen-newman.jpg
class_701214,Group Fitness Class,-76.47730907608567,42.453188923853595,Barre Express (CANCELED),Cornell Rec class,Group Fitness,"Instructor: Julia A.. This high-energy, low-impact class moves through a fast-paced series of exercises using small, controlled movements, isometric holds, and high repetitions—often with light equipment. You'll target muscles you didn’t even know you had, while strengthening your core, glutes, legs, and arms, and improving balance and posture. ",Helen Newman Hall Dance Studio,,,https://appdev-upload.nyc3.cdn.digitaloceanspaces.com/uplift/helen-newman.jpg
class_701219,Group Fitness Class,-76.47730907608567,42.453188923853595,Barre Express (CANCELED),Cornell Rec class,Group Fitness,"Instructor: Olivia. This high-energy, low-impact class moves through a fast-paced series of exercises using small, controlled movements, isometric holds, and high repetitions—often with light equipment. You'll target muscles you didn’t even know you had, while strengthening your core, glutes, legs, and arms, and improving balance and posture. ",Helen Newman Hall Dance Studio,,,https://appdev-upload.nyc3.cdn.digitaloceanspaces.com/uplift/helen-newman.jpg
class_701229,Group Fitness Class,-76.47730907608567,42.453188923853595,Barre Express,Cornell Rec class,Group Fitness,"Instructor: Marie. This high-energy, low-impact class moves through a fast-paced series of exercises using small, controlled movements, isometric holds, and high repetitions—often with light equipment. You'll target muscles you didn’t even know you had, while strengthening your core, glutes, legs, and arms, and improving balance and posture. ",Helen Newman Hall Dance Studio,2026-04-06T16:30:00,2026-04-06T17:15:00,https://appdev-upload.nyc3.cdn.digitaloceanspaces.com/uplift/helen-newman.jpg
class_701234,Group Fitness Class,-76.47730907608567,42.453188923853595,Yoga - Vinyasa,Cornell Rec class,Group Fitness,"Instructor: Felicia. Vinyasa Yoga uses the breath as a guide to flow from one posture to the next resulting in cardiovascular development and the cultivation of equanimity, flexibility, and strength. This vibrant class creates a balance between moving fluidly from one form to another with learning variations to help one adapt to their individual needs.  Although familiarity with yoga is helpful to participate, everyone is encouraged to challenge themselves at their own pace.",Helen Newman Hall Classroom,2026-04-06T18:45:00,2026-04-06T19:45:00,https://appdev-upload.nyc3.cdn.digitaloceanspaces.com/uplift/helen-newman.jpg
class_701239,Group Fitness Class,-76.47730907608567,42.453188923853595,TRX® Fusion,Cornell Rec class,Group Fitness,"Instructor: Livia. This high-energy class combines the TRX® Suspension Trainer with intervals of traditional strength training and cardio drills for a total-body workout. Each session may include circuits or timed intervals using TRX, bodyweight exercises, and other equipment like dumbbells or resistance bands. Designed to keep your heart rate up and your muscles challenged, this class boosts endurance, builds strength, and improves overall fitness. All movements can be modified, making it accessible and effective for a wide range of participants. Come for the challenge and stay for the fun, supportive environment that helps you reach your fitness goals!1224",Helen Newman Hall Classroom,2026-04-07T17:00:00,2026-04-07T18:00:00,https://appdev-upload.nyc3.cdn.digitaloceanspaces.com/uplift/helen-newman.jpg
class_701244,Group Fitness Class,-76.47730907608567,42.453188923853595,Cycling Express,Cornell Rec class,Group Fitness,"Instructor: Gwen. Short on time or just getting started with exercise? Cycling Express is the perfect way to fit in an efficient, effective cardio workout. This 45-minute indoor cycling class blends energizing music with basic cycling movements, motivational coaching and breath awareness.This low-impact, high-energy ride lets you set the pace to match your goals. Whether you're building stamina or simply boosting your mood, this class will move you. ",Helen Newman Hall Dance Studio,2026-04-07T19:45:00,2026-04-07T20:30:00,https://appdev-upload.nyc3.cdn.digitaloceanspaces.com/uplift/helen-newman.jpg
class_701249,Group Fitness Class,-76.47730907608567,42.453188923853595,Pilates - Mat Express,Cornell Rec class,Group Fitness,"Instructor: Jana. Pilates is a conditioning program designed to increase body awareness, improve alignment and breathing. You will build endurance, flexibility, coordination, and strength through a highly focused flow of movements.",Helen Newman Hall Dance Studio,2026-04-08T17:00:00,2026-04-08T17:45:00,https://appdev-upload.nyc3.cdn.digitaloceanspaces.com/uplift/helen-newman.jpg
class_701261,Group Fitness Class,-76.47730907608567,42.453188923853595,Pilates - Mat ,Cornell Rec class,Group Fitness,Instructor: Sophia. ,Helen Newman Hall Dance Studio,2026-04-09T18:45:00,2026-04-09T19:45:00,https://appdev-upload.nyc3.cdn.digitaloceanspaces.com/uplift/helen-newman.jpg
class_701099,Group Fitness Class,-76.47730907608567,42.453188923853595,Pilates - Mat ,Cornell Rec class,Group Fitness,Instructor: Sophia. ,Helen Newman Hall Dance Studio,2026-03-19T18:45:00,2026-03-19T19:45:00,https://appdev-upload.nyc3.cdn.digitaloceanspaces.com/uplift/helen-newman.jpg
class_701106,Group Fitness Class,-76.47730907608567,42.453188923853595,Barre Express,Cornell Rec class,Group Fitness,"Instructor: Julia A.. This high-energy, low-impact class moves through a fast-paced series of exercises using small, controlled movements, isometric holds, and high repetitions—often with light equipment. You'll target muscles you didn’t even know you had, while strengthening your core, glutes, legs, and arms, and improving balance and posture. ",Helen Newman Hall Dance Studio,2026-03-21T11:15:00,2026-03-21T12:00:00,https://appdev-upload.nyc3.cdn.digitaloceanspaces.com/uplift/helen-newman.jpg
class_701121,Group Fitness Class,-76.47730907608567,42.453188923853595,Barre Express,Cornell Rec class,Group Fitness,"Instructor: Marie. This high-energy, low-impact class moves through a fast-paced series of exercises using small, controlled movements, isometric holds, and high repetitions—often with light equipment. You'll target muscles you didn’t even know you had, while strengthening your core, glutes, legs, and arms, and improving balance and posture. ",Helen Newman Hall Dance Studio,2026-03-23T16:30:00,2026-03-23T17:15:00,https://appdev-upload.nyc3.cdn.digitaloceanspaces.com/uplift/helen-newman.jpg
class_701136,Group Fitness Class,-76.47730907608567,42.453188923853595,Cycling Express,Cornell Rec class,Group Fitness,"Instructor: Gwen. Short on time or just getting started with exercise? Cycling Express is the perfect way to fit in an efficient, effective cardio workout. This 45-minute indoor cycling class blends energizing music with basic cycling movements, motivational coaching and breath awareness.This low-impact, high-energy ride lets you set the pace to match your goals. Whether you're building stamina or simply boosting your mood, this class will move you. ",Helen Newman Hall Dance Studio,2026-03-24T19:45:00,2026-03-24T20:30:00,https://appdev-upload.nyc3.cdn.digitaloceanspaces.com/uplift/helen-newman.jpg
class_701144,Group Fitness Class,-76.47730907608567,42.453188923853595,ZUMBA®,Cornell Rec class,Group Fitness,"Instructor: Livia. ZUMBA® combines Latin rhythms and international dance moves to create an upbeat, calorie blasting experience! With a fusion of Latin, Belly dance, Reggaeton, Hip-Hop, and other forms of dance, routines feature aerobic interval training with a combination of fast and slow rhythms that tone and sculpt the body. Spend 45 minutes dancing your worries away! ",Helen Newman Hall Dance Studio,2026-03-25T18:00:00,2026-03-25T18:45:00,https://appdev-upload.nyc3.cdn.digitaloceanspaces.com/uplift/helen-newman.jpg
class_701160,Group Fitness Class,-76.47730907608567,42.453188923853595,Barre Express (CANCELED),Cornell Rec class,Group Fitness,"Instructor: Julia A.. This high-energy, low-impact class moves through a fast-paced series of exercises using small, controlled movements, isometric holds, and high repetitions—often with light equipment. You'll target muscles you didn’t even know you had, while strengthening your core, glutes, legs, and arms, and improving balance and posture. ",Helen Newman Hall Dance Studio,,,https://appdev-upload.nyc3.cdn.digitaloceanspaces.com/uplift/helen-newman.jpg
class_701164,Group Fitness Class,-76.47730907608567,42.453188923853595,Yoga - Vinyasa,Cornell Rec class,Group Fitness,"Instructor: Julia D.. Vinyasa Yoga uses the breath as a guide to flow from one posture to the next resulting in cardiovascular development and the cultivation of equanimity, flexibility, and strength. This vibrant class creates a balance between moving fluidly from one form to another with learning variations to help one adapt to their individual needs.  Although familiarity with yoga is helpful to participate, everyone is encouraged to challenge themselves at their own pace.",Helen Newman Hall Classroom,2026-03-29T10:30:00,2026-03-29T11:30:00,https://appdev-upload.nyc3.cdn.digitaloceanspaces.com/uplift/helen-newman.jpg
class_701180,Group Fitness Class,-76.47730907608567,42.453188923853595,Yoga - Vinyasa,Cornell Rec class,Group Fitness,"Instructor: Felicia. Vinyasa Yoga uses the breath as a guide to flow from one posture to the next resulting in cardiovascular development and the cultivation of equanimity, flexibility, and strength. This vibrant class creates a balance between moving fluidly from one form to another with learning variations to help one adapt to their individual needs.  Although familiarity with yoga is helpful to participate, everyone is encouraged to challenge themselves at their own pace.",Helen Newman Hall Classroom,2026-03-30T18:45:00,2026-03-30T19:45:00,https://appdev-upload.nyc3.cdn.digitaloceanspaces.com/uplift/helen-newman.jpg
class_701187,Group Fitness Class,-76.47730907608567,42.453188923853595,Free Yoga - Slow Flow Vinyasa (CANCELED),Cornell Rec class,Group Fitness,"Instructor: Marley. No membership required.  Offered in collaboration with Cornell Minds Matter.Come slow down and get into the flow in this Slow Flow Vinyasa Yoga class!  A slower approach provides space to focus on alignment, to find variations to meet individual needs, and to stay in the postures for a bit, with an emphasis on cultivating mindfulness, strength, and flexibility.The flowing Vinyasa transitions between postures helps to create a fluid & dynamic experience based on the breath, helping folks to leave class feeling grounded, calm, and energized!",Helen Newman Hall Classroom,,,https://appdev-upload.nyc3.cdn.digitaloceanspaces.com/uplift/helen-newman.jpg
class_701213,Group Fitness Class,-76.47730907608567,42.453188923853595,Pilates - Mat Express (CANCELED),Cornell Rec class,Group Fitness,"Instructor: Sophia. Pilates is a conditioning program designed to increase body awareness, improve alignment and breathing. You will build endurance, flexibility, coordination, and strength through a highly focused flow of movements.",Helen Newman Hall Dance Studio,,,https://appdev-upload.nyc3.cdn.digitaloceanspaces.com/uplift/helen-newman.jpg
class_701218,Group Fitness Class,-76.47730907608567,42.453188923853595,Yoga - Vinyasa,Cornell Rec class,Group Fitness,"Instructor: Julia D.. Vinyasa Yoga uses the breath as a guide to flow from one posture to the next resulting in cardiovascular development and the cultivation of equanimity, flexibility, and strength. This vibrant class creates a balance between moving fluidly from one form to another with learning variations to help one adapt to their individual needs.  Although familiarity with yoga is helpful to participate, everyone is encouraged to challenge themselves at their own pace.",Helen Newman Hall Classroom,2026-04-05T10:30:00,2026-04-05T11:30:00,https://appdev-upload.nyc3.cdn.digitaloceanspaces.com/uplift/helen-newman.jpg
class_701233,Group Fitness Class,-76.47730907608567,42.453188923853595,ZUMBA®,Cornell Rec class,Group Fitness,"Instructor: Kate P.. ZUMBA® combines Latin rhythms and international dance moves to create an upbeat, calorie blasting experience! With a fusion of Latin, Belly dance, Reggaeton, Hip-Hop, and other forms of dance, routines feature aerobic interval training with a combination of fast and slow rhythms that tone and sculpt the body. Spend 45 minutes dancing your worries away! ",Helen Newman Hall Dance Studio,2026-04-06T18:30:00,2026-04-06T19:15:00,https://appdev-upload.nyc3.cdn.digitaloceanspaces.com/uplift/helen-newman.jpg
class_701267,Group Fitness Class,-76.47730907608567,42.453188923853595,Pilates - Mat Express,Cornell Rec class,Group Fitness,"Instructor: Sophia. Pilates is a conditioning program designed to increase body awareness, improve alignment and breathing. You will build endurance, flexibility, coordination, and strength through a highly focused flow of movements.",Helen Newman Hall Dance Studio,2026-04-11T10:15:00,2026-04-11T11:00:00,https://appdev-upload.nyc3.cdn.digitaloceanspaces.com/uplift/helen-newman.jpg
class_701272,Group Fitness Class,-76.47730907608567,42.453188923853595,Yoga - Vinyasa,Cornell Rec class,Group Fitness,"Instructor: Julia D.. Vinyasa Yoga uses the breath as a guide to flow from one posture to the next resulting in cardiovascular development and the cultivation of equanimity, flexibility, and strength. This vibrant class creates a balance between moving fluidly from one form to another with learning variations to help one adapt to their individual needs.  Although familiarity with yoga is helpful to participate, everyone is encouraged to challenge themselves at their own pace.",Helen Newman Hall Classroom,2026-04-12T10:30:00,2026-04-12T11:30:00,https://appdev-upload.nyc3.cdn.digitaloceanspaces.com/uplift/helen-newman.jpg
class_701110,Group Fitness Class,-76.47730907608567,42.453188923853595,Yoga - Vinyasa,Cornell Rec class,Group Fitness,"Instructor: Julia D.. Vinyasa Yoga uses the breath as a guide to flow from one posture to the next resulting in cardiovascular development and the cultivation of equanimity, flexibility, and strength. This vibrant class creates a balance between moving fluidly from one form to another with learning variations to help one adapt to their individual needs.  Although familiarity with yoga is helpful to participate, everyone is encouraged to challenge themselves at their own pace.",Helen Newman Hall Classroom,2026-03-22T10:30:00,2026-03-22T11:30:00,https://appdev-upload.nyc3.cdn.digitaloceanspaces.com/uplift/helen-newman.jpg
class_701113,Group Fitness Class,-76.47730907608567,42.453188923853595,Muscle Pump,Cornell Rec class,Group Fitness,Instructor: Sibley. Put a little muscle into your workout and join us for a class designed to build muscle endurance with low to medium weights and high repetitions. A variety of equipment and strength training techniques will be used in this class. There is no cardio portion in these sessions. ,Helen Newman Hall Dance Studio,2026-03-22T12:00:00,2026-03-22T12:45:00,https://appdev-upload.nyc3.cdn.digitaloceanspaces.com/uplift/helen-newman.jpg
class_701131,Group Fitness Class,-76.47730907608567,42.453188923853595,TRX® Fusion,Cornell Rec class,Group Fitness,"Instructor: Livia. This high-energy class combines the TRX® Suspension Trainer with intervals of traditional strength training and cardio drills for a total-body workout. Each session may include circuits or timed intervals using TRX, bodyweight exercises, and other equipment like dumbbells or resistance bands. Designed to keep your heart rate up and your muscles challenged, this class boosts endurance, builds strength, and improves overall fitness. All movements can be modified, making it accessible and effective for a wide range of participants. Come for the challenge and stay for the fun, supportive environment that helps you reach your fitness goals!1224",Helen Newman Hall Classroom,2026-03-24T17:00:00,2026-03-24T18:00:00,https://appdev-upload.nyc3.cdn.digitaloceanspaces.com/uplift/helen-newman.jpg
class_701139,Group Fitness Class,-76.47730907608567,42.453188923853595,Barre Express,Cornell Rec class,Group Fitness,"Instructor: Olivia. This high-energy, low-impact class moves through a fast-paced series of exercises using small, controlled movements, isometric holds, and high repetitions—often with light equipment. You'll target muscles you didn’t even know you had, while strengthening your core, glutes, legs, and arms, and improving balance and posture. ",Helen Newman Hall Dance Studio,2026-03-25T16:00:00,2026-03-25T16:45:00,https://appdev-upload.nyc3.cdn.digitaloceanspaces.com/uplift/helen-newman.jpg
class_701159,Group Fitness Class,-76.47730907608567,42.453188923853595,Pilates - Mat Express (CANCELED),Cornell Rec class,Group Fitness,"Instructor: Sophia. Pilates is a conditioning program designed to increase body awareness, improve alignment and breathing. You will build endurance, flexibility, coordination, and strength through a highly focused flow of movements.",Helen Newman Hall Dance Studio,,,https://appdev-upload.nyc3.cdn.digitaloceanspaces.com/uplift/helen-newman.jpg
class_701198,Group Fitness Class,-76.47730907608567,42.453188923853595,ZUMBA®,Cornell Rec class,Group Fitness,"Instructor: Livia. ZUMBA® combines Latin rhythms and international dance moves to create an upbeat, calorie blasting experience! With a fusion of Latin, Belly dance, Reggaeton, Hip-Hop, and other forms of dance, routines feature aerobic interval training with a combination of fast and slow rhythms that tone and sculpt the body. Spend 45 minutes dancing your worries away! ",Helen Newman Hall Dance Studio,2026-04-01T18:00:00,2026-04-01T18:45:00,https://appdev-upload.nyc3.cdn.digitaloceanspaces.com/uplift/helen-newman.jpg
class_701207,Group Fitness Class,-76.47730907608567,42.453188923853595,Pilates - Mat  (CANCELED),Cornell Rec class,Group Fitness,Instructor: Sophia. ,Helen Newman Hall Dance Studio,,,https://appdev-upload.nyc3.cdn.digitaloceanspaces.com/uplift/helen-newman.jpg
class_701242,Group Fitness Class,-76.47730907608567,42.453188923853595,ZUMBA® Toning,Cornell Rec class,Group Fitness,Instructor: Carol. ZUMBA® Toning blends specific ZUMBA® moves and body sculpting techniques using maraca-like ZUMBA® Toning sticks for an intense strength-training experience. ,Helen Newman Hall Dance Studio,2026-04-07T18:45:00,2026-04-07T19:30:00,https://appdev-upload.nyc3.cdn.digitaloceanspaces.com/uplift/helen-newman.jpg
class_701268,Group Fitness Class,-76.47730907608567,42.453188923853595,Barre Express,Cornell Rec class,Group Fitness,"Instructor: Julia A.. This high-energy, low-impact class moves through a fast-paced series of exercises using small, controlled movements, isometric holds, and high repetitions—often with light equipment. You'll target muscles you didn’t even know you had, while strengthening your core, glutes, legs, and arms, and improving balance and posture. ",Helen Newman Hall Dance Studio,2026-04-11T11:15:00,2026-04-11T12:00:00,https://appdev-upload.nyc3.cdn.digitaloceanspaces.com/uplift/helen-newman.jpg
class_701273,Group Fitness Class,-76.47730907608567,42.453188923853595,Barre Express,Cornell Rec class,Group Fitness,"Instructor: Olivia. This high-energy, low-impact class moves through a fast-paced series of exercises using small, controlled movements, isometric holds, and high repetitions—often with light equipment. You'll target muscles you didn’t even know you had, while strengthening your core, glutes, legs, and arms, and improving balance and posture. ",Helen Newman Hall Dance Studio,2026-04-12T11:00:00,2026-04-12T11:45:00,https://appdev-upload.nyc3.cdn.digitaloceanspaces.com/uplift/helen-newman.jpg
class_701283,Group Fitness Class,-76.47730907608567,42.453188923853595,Barre Express,Cornell Rec class,Group Fitness,"Instructor: Marie. This high-energy, low-impact class moves through a fast-paced series of exercises using small, controlled movements, isometric holds, and high repetitions—often with light equipment. You'll target muscles you didn’t even know you had, while strengthening your core, glutes, legs, and arms, and improving balance and posture. ",Helen Newman Hall Dance Studio,2026-04-13T16:30:00,2026-04-13T17:15:00,https://appdev-upload.nyc3.cdn.digitaloceanspaces.com/uplift/helen-newman.jpg
class_701126,Group Fitness Class,-76.47730907608567,42.453188923853595,Yoga - Vinyasa,Cornell Rec class,Group Fitness,"Instructor: Felicia. Vinyasa Yoga uses the breath as a guide to flow from one posture to the next resulting in cardiovascular development and the cultivation of equanimity, flexibility, and strength. This vibrant class creates a balance between moving fluidly from one form to another with learning variations to help one adapt to their individual needs.  Although familiarity with yoga is helpful to participate, everyone is encouraged to challenge themselves at their own pace.",Helen Newman Hall Classroom,2026-03-23T18:45:00,2026-03-23T19:45:00,https://appdev-upload.nyc3.cdn.digitaloceanspaces.com/uplift/helen-newman.jpg
class_701134,Group Fitness Class,-76.47730907608567,42.453188923853595,ZUMBA® Toning,Cornell Rec class,Group Fitness,Instructor: Carol. ZUMBA® Toning blends specific ZUMBA® moves and body sculpting techniques using maraca-like ZUMBA® Toning sticks for an intense strength-training experience. ,Helen Newman Hall Dance Studio,2026-03-24T18:45:00,2026-03-24T19:30:00,https://appdev-upload.nyc3.cdn.digitaloceanspaces.com/uplift/helen-newman.jpg
class_701162,Group Fitness Class,-76.47730907608567,42.453188923853595,H.I.I.T. & Core (CANCELED),Cornell Rec class,Group Fitness,"Instructor: Ava / Lynn. H.I.I.T. & Core is a total-body interval training workout that incorporates cardio/plyometrics, strength, and core work, using a variety of equipment such as light dumbbells, bands, or just body weight and a mat. The class is typically structured around timed intervals, helping you push through each round with focus and intensity. Bring a sweat towel, water bottle, and let’s smash this high-intensity session! ",Helen Newman Hall Dance Studio,,,https://appdev-upload.nyc3.cdn.digitaloceanspaces.com/uplift/helen-newman.jpg
class_701190,Group Fitness Class,-76.47730907608567,42.453188923853595,Cycling Express (CANCELED),Cornell Rec class,Group Fitness,"Instructor: Gwen. Short on time or just getting started with exercise? Cycling Express is the perfect way to fit in an efficient, effective cardio workout. This 45-minute indoor cycling class blends energizing music with basic cycling movements, motivational coaching and breath awareness.This low-impact, high-energy ride lets you set the pace to match your goals. Whether you're building stamina or simply boosting your mood, this class will move you. ",Helen Newman Hall Dance Studio,,,https://appdev-upload.nyc3.cdn.digitaloceanspaces.com/uplift/helen-newman.jpg
class_701216,Group Fitness Class,-76.47730907608567,42.453188923853595,H.I.I.T. & Core (CANCELED),Cornell Rec class,Group Fitness,"Instructor: Ava / Lynn. H.I.I.T. & Core is a total-body interval training workout that incorporates cardio/plyometrics, strength, and core work, using a variety of equipment such as light dumbbells, bands, or just body weight and a mat. The class is typically structured around timed intervals, helping you push through each round with focus and intensity. Bring a sweat towel, water bottle, and let’s smash this high-intensity session! ",Helen Newman Hall Dance Studio,,,https://appdev-upload.nyc3.cdn.digitaloceanspaces.com/uplift/helen-newman.jpg
class_701221,Group Fitness Class,-76.47730907608567,42.453188923853595,Muscle Pump (CANCELED),Cornell Rec class,Group Fitness,Instructor: Sibley. Put a little muscle into your workout and join us for a class designed to build muscle endurance with low to medium weights and high repetitions. A variety of equipment and strength training techniques will be used in this class. There is no cardio portion in these sessions. ,Helen Newman Hall Dance Studio,,,https://appdev-upload.nyc3.cdn.digitaloceanspaces.com/uplift/helen-newman.jpg
class_701231,Group Fitness Class,-76.47730907608567,42.453188923853595,Cycling Express,Cornell Rec class,Group Fitness,"Instructor: Tammy. Short on time or just getting started with exercise? Cycling Express is the perfect way to fit in an efficient, effective cardio workout. This 45-minute indoor cycling class blends energizing music with basic cycling movements, motivational coaching and breath awareness.This low-impact, high-energy ride lets you set the pace to match your goals. Whether you're building stamina or simply boosting your mood, this class will move you. ",Helen Newman Hall Dance Studio,2026-04-06T17:30:00,2026-04-06T18:15:00,https://appdev-upload.nyc3.cdn.digitaloceanspaces.com/uplift/helen-newman.jpg
class_701241,Group Fitness Class,-76.47730907608567,42.453188923853595,Free Yoga - Slow Flow Vinyasa,Cornell Rec class,Group Fitness,"Instructor: Marley. No membership required.  Offered in collaboration with Cornell Minds Matter.Come slow down and get into the flow in this Slow Flow Vinyasa Yoga class!  A slower approach provides space to focus on alignment, to find variations to meet individual needs, and to stay in the postures for a bit, with an emphasis on cultivating mindfulness, strength, and flexibility.The flowing Vinyasa transitions between postures helps to create a fluid & dynamic experience based on the breath, helping folks to leave class feeling grounded, calm, and energized!",Helen Newman Hall Classroom,2026-04-07T18:15:00,2026-04-07T19:15:00,https://appdev-upload.nyc3.cdn.digitaloceanspaces.com/uplift/helen-newman.jpg
class_701252,Group Fitness Class,-76.47730907608567,42.453188923853595,ZUMBA®,Cornell Rec class,Group Fitness,"Instructor: Livia. ZUMBA® combines Latin rhythms and international dance moves to create an upbeat, calorie blasting experience! With a fusion of Latin, Belly dance, Reggaeton, Hip-Hop, and other forms of dance, routines feature aerobic interval training with a combination of fast and slow rhythms that tone and sculpt the body. Spend 45 minutes dancing your worries away! ",Helen Newman Hall Dance Studio,2026-04-08T18:00:00,2026-04-08T18:45:00,https://appdev-upload.nyc3.cdn.digitaloceanspaces.com/uplift/helen-newman.jpg
class_701270,Group Fitness Class,-76.47730907608567,42.453188923853595,H.I.I.T. & Core,Cornell Rec class,Group Fitness,"Instructor: Ava / Lynn. H.I.I.T. & Core is a total-body interval training workout that incorporates cardio/plyometrics, strength, and core work, using a variety of equipment such as light dumbbells, bands, or just body weight and a mat. The class is typically structured around timed intervals, helping you push through each round with focus and intensity. Bring a sweat towel, water bottle, and let’s smash this high-intensity session! ",Helen Newman Hall Dance Studio,2026-04-11T12:15:00,2026-04-11T13:00:00,https://appdev-upload.nyc3.cdn.digitaloceanspaces.com/uplift/helen-newman.jpg
class_701275,Group Fitness Class,-76.47730907608567,42.453188923853595,Muscle Pump,Cornell Rec class,Group Fitness,Instructor: Sibley. Put a little muscle into your workout and join us for a class designed to build muscle endurance with low to medium weights and high repetitions. A variety of equipment and strength training techniques will be used in this class. There is no cardio portion in these sessions. ,Helen Newman Hall Dance Studio,2026-04-12T12:00:00,2026-04-12T12:45:00,https://appdev-upload.nyc3.cdn.digitaloceanspaces.com/uplift/helen-newman.jpg
class_701165,Group Fitness Class,-76.47730907608567,42.453188923853595,Barre Express (CANCELED),Cornell Rec class,Group Fitness,"Instructor: Olivia. This high-energy, low-impact class moves through a fast-paced series of exercises using small, controlled movements, isometric holds, and high repetitions—often with light equipment. You'll target muscles you didn’t even know you had, while strengthening your core, glutes, legs, and arms, and improving balance and posture. ",Helen Newman Hall Dance Studio,,,https://appdev-upload.nyc3.cdn.digitaloceanspaces.com/uplift/helen-newman.jpg
class_701167,Group Fitness Class,-76.47730907608567,42.453188923853595,Muscle Pump (CANCELED),Cornell Rec class,Group Fitness,Instructor: Sibley. Put a little muscle into your workout and join us for a class designed to build muscle endurance with low to medium weights and high repetitions. A variety of equipment and strength training techniques will be used in this class. There is no cardio portion in these sessions. ,Helen Newman Hall Dance Studio,,,https://appdev-upload.nyc3.cdn.digitaloceanspaces.com/uplift/helen-newman.jpg
class_701175,Group Fitness Class,-76.47730907608567,42.453188923853595,Barre Express,Cornell Rec class,Group Fitness,"Instructor: Marie. This high-energy, low-impact class moves through a fast-paced series of exercises using small, controlled movements, isometric holds, and high repetitions—often with light equipment. You'll target muscles you didn’t even know you had, while strengthening your core, glutes, legs, and arms, and improving balance and posture. ",Helen Newman Hall Dance Studio,2026-03-30T16:30:00,2026-03-30T17:15:00,https://appdev-upload.nyc3.cdn.digitaloceanspaces.com/uplift/helen-newman.jpg
class_701185,Group Fitness Class,-76.47730907608567,42.453188923853595,TRX® Fusion,Cornell Rec class,Group Fitness,"Instructor: Livia. This high-energy class combines the TRX® Suspension Trainer with intervals of traditional strength training and cardio drills for a total-body workout. Each session may include circuits or timed intervals using TRX, bodyweight exercises, and other equipment like dumbbells or resistance bands. Designed to keep your heart rate up and your muscles challenged, this class boosts endurance, builds strength, and improves overall fitness. All movements can be modified, making it accessible and effective for a wide range of participants. Come for the challenge and stay for the fun, supportive environment that helps you reach your fitness goals!1224",Helen Newman Hall Classroom,2026-03-31T17:00:00,2026-03-31T18:00:00,https://appdev-upload.nyc3.cdn.digitaloceanspaces.com/uplift/helen-newman.jpg
class_701193,Group Fitness Class,-76.47730907608567,42.453188923853595,Barre Express (CANCELED),Cornell Rec class,Group Fitness,"Instructor: Olivia. This high-energy, low-impact class moves through a fast-paced series of exercises using small, controlled movements, isometric holds, and high repetitions—often with light equipment. You'll target muscles you didn’t even know you had, while strengthening your core, glutes, legs, and arms, and improving balance and posture. ",Helen Newman Hall Dance Studio,,,https://appdev-upload.nyc3.cdn.digitaloceanspaces.com/uplift/helen-newman.jpg
class_701195,Group Fitness Class,-76.47730907608567,42.453188923853595,Pilates - Mat Express (CANCELED),Cornell Rec class,Group Fitness,"Instructor: Jana. Pilates is a conditioning program designed to increase body awareness, improve alignment and breathing. You will build endurance, flexibility, coordination, and strength through a highly focused flow of movements.",Helen Newman Hall Dance Studio,,,https://appdev-upload.nyc3.cdn.digitaloceanspaces.com/uplift/helen-newman.jpg
class_701247,Group Fitness Class,-76.47730907608567,42.453188923853595,Barre Express,Cornell Rec class,Group Fitness,"Instructor: Olivia. This high-energy, low-impact class moves through a fast-paced series of exercises using small, controlled movements, isometric holds, and high repetitions—often with light equipment. You'll target muscles you didn’t even know you had, while strengthening your core, glutes, legs, and arms, and improving balance and posture. ",Helen Newman Hall Dance Studio,2026-04-08T16:00:00,2026-04-08T16:45:00,https://appdev-upload.nyc3.cdn.digitaloceanspaces.com/uplift/helen-newman.jpg
gym_3454585,Gym / Fitness Center,-76.47915389837931,42.4459926380709,Teagle,Cornell Rec,Athletics Facility,"Teagle Hall is Cornell's central campus fitness hub, home to two weight and cardio floors (Teagle Up and Teagle Down) and a competitive swimming pool. It's the go-to spot for workouts, strength training, and lap swimming.
Facilities: Teagle Up Fitness Center, Teagle Down Fitness Center, Teagle Pool | Activities: Swimming | Amenities: Showers, Lockers, Parking",512 Campus Rd,,,https://appdev-upload.nyc3.cdn.digitaloceanspaces.com/uplift/teagle.jpg
class_701094,Group Fitness Class,-76.47915389837931,42.4459926380709,Yoga - Kripalu Flow,Cornell Rec class,Group Fitness,"Instructor: Francis. Kripalu Flow blends the flowing aspect of Vinyasa Yoga with the slower & intentional aspect of Kripalu Yoga. Slowly flowing through many yoga movements allows you to adapt for your individual needs, and to challenge yourself  as desired.  Leave feeling energized, strong, and deeply relaxed!",Teagle Multipurpose Room,2026-03-19T12:15:00,2026-03-19T13:15:00,https://appdev-upload.nyc3.cdn.digitaloceanspaces.com/uplift/teagle.jpg
class_701173,Group Fitness Class,-76.47915389837931,42.4459926380709,Pilates - Mat (CANCELED),Cornell Rec class,Group Fitness,"Instructor: Sophia. Pilates is a conditioning program designed to increase body awareness, improve alignment and breathing. You will build endurance, flexibility, coordination, and strength through a highly focused flow of movements.",Teagle Multipurpose Room,,,https://appdev-upload.nyc3.cdn.digitaloceanspaces.com/uplift/teagle.jpg
class_701281,Group Fitness Class,-76.47915389837931,42.4459926380709,Pilates - Mat,Cornell Rec class,Group Fitness,"Instructor: Sophia. Pilates is a conditioning program designed to increase body awareness, improve alignment and breathing. You will build endurance, flexibility, coordination, and strength through a highly focused flow of movements.",Teagle Multipurpose Room,2026-04-13T12:15:00,2026-04-13T13:15:00,https://appdev-upload.nyc3.cdn.digitaloceanspaces.com/uplift/teagle.jpg
class_701118,Group Fitness Class,-76.47915389837931,42.4459926380709,Yoga - Hatha with Meditation & Breathwork,Cornell Rec class,Group Fitness,"Instructor: Jessica. This yoga class combines physical postures with focused breathwork and meditation practices. The physical practice uses a combination of focused, grounded postures with gently flowing movements to prepare the body to sit with more ease. The breathwork includes several techniques to energize, sooth, or balance one’s energy. The class concludes with an accessible and guided meditation. Leave class feeling refreshed and empowered to use these breathwork and meditation techniques throughout your day!",Teagle Multipurpose Room,2026-03-23T11:00:00,2026-03-23T12:00:00,https://appdev-upload.nyc3.cdn.digitaloceanspaces.com/uplift/teagle.jpg
class_701128,Group Fitness Class,-76.47915389837931,42.4459926380709,Yoga - Slow & Mindful,Cornell Rec class,Group Fitness,"Instructor: Jamie M.. This slow & mindful practice invites you to move, breathe, and feel your energy in a state of ease and presence. Rooted in the philosophy of Vinyasa, this style emphasizes slow, fluid, and mindful movements that unfold with the breath, creating a meditative and deeply grounding experience. Each session encourages you to connect with your body’s natural rhythm, exploring strength and flexibility through intuitive, unhurried sequencing. The slower pace allows space for deep awareness, subtle alignment, and inner stillness—making each movement a meditation in motion and offers a soothing journey into balance, and calm, steady energy.",Teagle Multipurpose Room,2026-03-24T12:15:00,2026-03-24T13:15:00,https://appdev-upload.nyc3.cdn.digitaloceanspaces.com/uplift/teagle.jpg
class_701148,Group Fitness Class,-76.47915389837931,42.4459926380709,Yoga - Vinyasa,Cornell Rec class,Group Fitness,"Instructor: Jessica. Vinyasa Yoga uses the breath as a guide to flow from one posture to the next resulting in cardiovascular development and the cultivation of equanimity, flexibility, and strength. This vibrant class creates a balance between moving fluidly from one form to another with learning variations to help one adapt to their individual needs.  Although familiarity with yoga is helpful to participate, everyone is encouraged to challenge themselves at their own pace.",Teagle Multipurpose Room,2026-03-26T12:15:00,2026-03-26T13:15:00,https://appdev-upload.nyc3.cdn.digitaloceanspaces.com/uplift/teagle.jpg
class_701246,Group Fitness Class,-76.47915389837931,42.4459926380709,Yoga - Kripalu Flow,Cornell Rec class,Group Fitness,"Instructor: Francis. Kripalu Flow blends the flowing aspect of Vinyasa Yoga with the slower & intentional aspect of Kripalu Yoga. Slowly flowing through many yoga movements allows you to adapt for your individual needs, and to challenge yourself  as desired.  Leave feeling energized, strong, and deeply relaxed!",Teagle Multipurpose Room,2026-04-08T12:15:00,2026-04-08T13:15:00,https://appdev-upload.nyc3.cdn.digitaloceanspaces.com/uplift/teagle.jpg
class_701119,Group Fitness Class,-76.47915389837931,42.4459926380709,Pilates - Mat,Cornell Rec class,Group Fitness,"Instructor: Sophia. Pilates is a conditioning program designed to increase body awareness, improve alignment and breathing. You will build endurance, flexibility, coordination, and strength through a highly focused flow of movements.",Teagle Multipurpose Room,2026-03-23T12:15:00,2026-03-23T13:15:00,https://appdev-upload.nyc3.cdn.digitaloceanspaces.com/uplift/teagle.jpg
class_701172,Group Fitness Class,-76.47915389837931,42.4459926380709,Yoga - Hatha with Meditation & Breathwork,Cornell Rec class,Group Fitness,"Instructor: Jessica. This yoga class combines physical postures with focused breathwork and meditation practices. The physical practice uses a combination of focused, grounded postures with gently flowing movements to prepare the body to sit with more ease. The breathwork includes several techniques to energize, sooth, or balance one’s energy. The class concludes with an accessible and guided meditation. Leave class feeling refreshed and empowered to use these breathwork and meditation techniques throughout your day!",Teagle Multipurpose Room,2026-03-30T11:00:00,2026-03-30T12:00:00,https://appdev-upload.nyc3.cdn.digitaloceanspaces.com/uplift/teagle.jpg
class_701182,Group Fitness Class,-76.47915389837931,42.4459926380709,Yoga - Slow & Mindful,Cornell Rec class,Group Fitness,"Instructor: Jamie M.. This slow & mindful practice invites you to move, breathe, and feel your energy in a state of ease and presence. Rooted in the philosophy of Vinyasa, this style emphasizes slow, fluid, and mindful movements that unfold with the breath, creating a meditative and deeply grounding experience. Each session encourages you to connect with your body’s natural rhythm, exploring strength and flexibility through intuitive, unhurried sequencing. The slower pace allows space for deep awareness, subtle alignment, and inner stillness—making each movement a meditation in motion and offers a soothing journey into balance, and calm, steady energy.",Teagle Multipurpose Room,2026-03-31T12:15:00,2026-03-31T13:15:00,https://appdev-upload.nyc3.cdn.digitaloceanspaces.com/uplift/teagle.jpg
class_701227,Group Fitness Class,-76.47915389837931,42.4459926380709,Pilates - Mat,Cornell Rec class,Group Fitness,"Instructor: Sophia. Pilates is a conditioning program designed to increase body awareness, improve alignment and breathing. You will build endurance, flexibility, coordination, and strength through a highly focused flow of movements.",Teagle Multipurpose Room,2026-04-06T12:15:00,2026-04-06T13:15:00,https://appdev-upload.nyc3.cdn.digitaloceanspaces.com/uplift/teagle.jpg
class_701250,Group Fitness Class,-76.47915389837931,42.4459926380709,Yoga - Vinyasa,Cornell Rec class,Group Fitness,"Instructor: Sydney Gw.. Vinyasa Yoga uses the breath as a guide to flow from one posture to the next resulting in cardiovascular development and the cultivation of equanimity, flexibility, and strength. This vibrant class creates a balance between moving fluidly from one form to another with learning variations to help one adapt to their individual needs.  Although familiarity with yoga is helpful to participate, everyone is encouraged to challenge themselves at their own pace.",Teagle Multipurpose Room,2026-04-08T17:15:00,2026-04-08T18:15:00,https://appdev-upload.nyc3.cdn.digitaloceanspaces.com/uplift/teagle.jpg
class_701138,Group Fitness Class,-76.47915389837931,42.4459926380709,Yoga - Kripalu Flow,Cornell Rec class,Group Fitness,"Instructor: Francis. Kripalu Flow blends the flowing aspect of Vinyasa Yoga with the slower & intentional aspect of Kripalu Yoga. Slowly flowing through many yoga movements allows you to adapt for your individual needs, and to challenge yourself  as desired.  Leave feeling energized, strong, and deeply relaxed!",Teagle Multipurpose Room,2026-03-25T12:15:00,2026-03-25T13:15:00,https://appdev-upload.nyc3.cdn.digitaloceanspaces.com/uplift/teagle.jpg
class_701142,Group Fitness Class,-76.47915389837931,42.4459926380709,Yoga - Vinyasa,Cornell Rec class,Group Fitness,"Instructor: Sydney Gw.. Vinyasa Yoga uses the breath as a guide to flow from one posture to the next resulting in cardiovascular development and the cultivation of equanimity, flexibility, and strength. This vibrant class creates a balance between moving fluidly from one form to another with learning variations to help one adapt to their individual needs.  Although familiarity with yoga is helpful to participate, everyone is encouraged to challenge themselves at their own pace.",Teagle Multipurpose Room,2026-03-25T17:15:00,2026-03-25T18:15:00,https://appdev-upload.nyc3.cdn.digitaloceanspaces.com/uplift/teagle.jpg
class_701192,Group Fitness Class,-76.47915389837931,42.4459926380709,Yoga - Kripalu Flow (CANCELED),Cornell Rec class,Group Fitness,"Instructor: Francis. Kripalu Flow blends the flowing aspect of Vinyasa Yoga with the slower & intentional aspect of Kripalu Yoga. Slowly flowing through many yoga movements allows you to adapt for your individual needs, and to challenge yourself  as desired.  Leave feeling energized, strong, and deeply relaxed!",Teagle Multipurpose Room,,,https://appdev-upload.nyc3.cdn.digitaloceanspaces.com/uplift/teagle.jpg
class_701196,Group Fitness Class,-76.47915389837931,42.4459926380709,Yoga - Vinyasa (CANCELED),Cornell Rec class,Group Fitness,"Instructor: Sydney Gw.. Vinyasa Yoga uses the breath as a guide to flow from one posture to the next resulting in cardiovascular development and the cultivation of equanimity, flexibility, and strength. This vibrant class creates a balance between moving fluidly from one form to another with learning variations to help one adapt to their individual needs.  Although familiarity with yoga is helpful to participate, everyone is encouraged to challenge themselves at their own pace.",Teagle Multipurpose Room,,,https://appdev-upload.nyc3.cdn.digitaloceanspaces.com/uplift/teagle.jpg
class_701226,Group Fitness Class,-76.47915389837931,42.4459926380709,Yoga - Hatha with Meditation & Breathwork,Cornell Rec class,Group Fitness,"Instructor: Jessica. This yoga class combines physical postures with focused breathwork and meditation practices. The physical practice uses a combination of focused, grounded postures with gently flowing movements to prepare the body to sit with more ease. The breathwork includes several techniques to energize, sooth, or balance one’s energy. The class concludes with an accessible and guided meditation. Leave class feeling refreshed and empowered to use these breathwork and meditation techniques throughout your day!",Teagle Multipurpose Room,2026-04-06T11:00:00,2026-04-06T12:00:00,https://appdev-upload.nyc3.cdn.digitaloceanspaces.com/uplift/teagle.jpg
class_701236,Group Fitness Class,-76.47915389837931,42.4459926380709,Yoga - Slow & Mindful,Cornell Rec class,Group Fitness,"Instructor: Jamie M.. This slow & mindful practice invites you to move, breathe, and feel your energy in a state of ease and presence. Rooted in the philosophy of Vinyasa, this style emphasizes slow, fluid, and mindful movements that unfold with the breath, creating a meditative and deeply grounding experience. Each session encourages you to connect with your body’s natural rhythm, exploring strength and flexibility through intuitive, unhurried sequencing. The slower pace allows space for deep awareness, subtle alignment, and inner stillness—making each movement a meditation in motion and offers a soothing journey into balance, and calm, steady energy.",Teagle Multipurpose Room,2026-04-07T12:15:00,2026-04-07T13:15:00,https://appdev-upload.nyc3.cdn.digitaloceanspaces.com/uplift/teagle.jpg
class_701256,Group Fitness Class,-76.47915389837931,42.4459926380709,Yoga - Vinyasa,Cornell Rec class,Group Fitness,"Instructor: Jessica. Vinyasa Yoga uses the breath as a guide to flow from one posture to the next resulting in cardiovascular development and the cultivation of equanimity, flexibility, and strength. This vibrant class creates a balance between moving fluidly from one form to another with learning variations to help one adapt to their individual needs.  Although familiarity with yoga is helpful to participate, everyone is encouraged to challenge themselves at their own pace.",Teagle Multipurpose Room,2026-04-09T12:15:00,2026-04-09T13:15:00,https://appdev-upload.nyc3.cdn.digitaloceanspaces.com/uplift/teagle.jpg
class_701280,Group Fitness Class,-76.47915389837931,42.4459926380709,Yoga - Hatha with Meditation & Breathwork,Cornell Rec class,Group Fitness,"Instructor: Jessica. This yoga class combines physical postures with focused breathwork and meditation practices. The physical practice uses a combination of focused, grounded postures with gently flowing movements to prepare the body to sit with more ease. The breathwork includes several techniques to energize, sooth, or balance one’s energy. The class concludes with an accessible and guided meditation. Leave class feeling refreshed and empowered to use these breathwork and meditation techniques throughout your day!",Teagle Multipurpose Room,2026-04-13T11:00:00,2026-04-13T12:00:00,https://appdev-upload.nyc3.cdn.digitaloceanspaces.com/uplift/teagle.jpg
class_701202,Group Fitness Class,-76.47915389837931,42.4459926380709,Yoga - Vinyasa,Cornell Rec class,Group Fitness,"Instructor: Jessica. Vinyasa Yoga uses the breath as a guide to flow from one posture to the next resulting in cardiovascular development and the cultivation of equanimity, flexibility, and strength. This vibrant class creates a balance between moving fluidly from one form to another with learning variations to help one adapt to their individual needs.  Although familiarity with yoga is helpful to participate, everyone is encouraged to challenge themselves at their own pace.",Teagle Multipurpose Room,2026-04-02T12:15:00,2026-04-02T13:15:00,https://appdev-upload.nyc3.cdn.digitaloceanspaces.com/uplift/teagle.jpg
gym_9537684,Gym / Fitness Center,-76.47883902202813,42.45582093240726,Toni Morrison,Cornell Rec,Athletics Facility,"Toni Morrison Hall houses a Cornell Rec fitness center with free weights, machines, and cardio equipment, conveniently located on North Campus near the dormitories.
Facilities: Morrison Fitness Center",18 Sisson Pl,,,https://appdev-upload.nyc3.cdn.digitaloceanspaces.com/uplift/morrison.jpeg
gym_10423374,Gym / Fitness Center,-76.48803891048553,42.44660528140398,Noyes,Cornell Rec,Athletics Facility,"Noyes Community Recreation Center is a Cornell gym on West Campus featuring a fitness room, free weights, and a multi-use indoor court for basketball, volleyball, and badminton. A popular spot for casual workouts and pick-up sports games.
Facilities: Noyes Fitness Center, Noyes Court | Activities: Basketball, Volleyball, Badminton | Amenities: Lockers, Parking, Elevators",306 West Ave,,,https://appdev-upload.nyc3.cdn.digitaloceanspaces.com/uplift/noyes.jpg
class_701098,Group Fitness Class,-76.48803891048553,42.44660528140398,Free ZUMBA®,Cornell Rec class,Group Fitness,"Instructor: Stephanie. No membership required.  Offered in collaboration with Cornell Minds Matter.ZUMBA® combines Latin rhythms and international dance moves to create an upbeat, calorie blasting experience! With a fusion of Latin, Bellydance, Reggaeton, Hip-Hop, and other forms of dance, routines feature aerobic interval training with a combination of fast and slow rhythms that tone and sculpt the body. Spend 45 minutes dancing your worries away! ",Noyes Multipurpose Room,2026-03-19T18:30:00,2026-03-19T19:15:00,https://appdev-upload.nyc3.cdn.digitaloceanspaces.com/uplift/noyes.jpg
class_701102,Group Fitness Class,-76.48803891048553,42.44660528140398,Core & More,Cornell Rec class,Group Fitness,"Instructor: Melissa. Strengthen and condition your core muscles...and more! This class will work your core, which includes the abdominal and low back muscles. Additional exercises incorporate upper and lower body as a way to strengthen your core, giving you a full body workout! ",Noyes Multipurpose Room,2026-03-20T16:00:00,2026-03-20T16:30:00,https://appdev-upload.nyc3.cdn.digitaloceanspaces.com/uplift/noyes.jpg
class_701114,Group Fitness Class,-76.48803891048553,42.44660528140398,Barre,Cornell Rec class,Group Fitness,"Instructor: Janice. This high-energy, low-impact class moves through a fast-paced series of exercises using small, controlled movements, isometric holds, and high repetitions—often with light equipment. You'll target muscles you didn’t even know you had, while strengthening your core, glutes, legs, and arms, and improving balance and posture.",Noyes Multipurpose Room,2026-03-22T12:30:00,2026-03-22T13:30:00,https://appdev-upload.nyc3.cdn.digitaloceanspaces.com/uplift/noyes.jpg
class_701117,Group Fitness Class,-76.48803891048553,42.44660528140398,Cycling ,Cornell Rec class,Group Fitness,Instructor: Sydney Go.. ,Noyes Multipurpose Room,2026-03-22T18:15:00,2026-03-22T19:15:00,https://appdev-upload.nyc3.cdn.digitaloceanspaces.com/uplift/noyes.jpg
class_701120,Group Fitness Class,-76.48803891048553,42.44660528140398,Core & More,Cornell Rec class,Group Fitness,"Instructor: Melissa. Strengthen and condition your core muscles...and more! This class will work your core, which includes the abdominal and low back muscles. Additional exercises incorporate upper and lower body as a way to strengthen your core, giving you a full body workout! ",Noyes Multipurpose Room,2026-03-23T16:15:00,2026-03-23T16:45:00,https://appdev-upload.nyc3.cdn.digitaloceanspaces.com/uplift/noyes.jpg
class_701129,Group Fitness Class,-76.48803891048553,42.44660528140398,Barre 30,Cornell Rec class,Group Fitness,"Instructor: Jana. Short on time? This 30-minute, high-energy class is designed to make the most of every minute. You’ll move through a fast-paced series of low-impact exercises using small, controlled movements, isometric holds, and high repetitions, often with light equipment. You'll target muscles you didn’t even know you had, while strengthening your core, glutes, legs, and arms, and improving balance and posture. ",Noyes Multipurpose Room,2026-03-24T16:20:00,2026-03-24T16:50:00,https://appdev-upload.nyc3.cdn.digitaloceanspaces.com/uplift/noyes.jpg
class_701137,Group Fitness Class,-76.48803891048553,42.44660528140398,Yoga - Vinyasa,Cornell Rec class,Group Fitness,"Instructor: Marley. Vinyasa Yoga uses the breath as a guide to flow from one posture to the next resulting in cardiovascular development and the cultivation of equanimity, flexibility, and strength. This vibrant class creates a balance between moving fluidly from one form to another with learning variations to help one adapt to their individual needs.  Although familiarity with yoga is helpful to participate, everyone is encouraged to challenge themselves at their own pace.",Noyes Multipurpose Room,2026-03-24T20:00:00,2026-03-24T21:00:00,https://appdev-upload.nyc3.cdn.digitaloceanspaces.com/uplift/noyes.jpg
class_701145,Group Fitness Class,-76.48803891048553,42.44660528140398,H.I.I.T. & Core,Cornell Rec class,Group Fitness,"Instructor: Marco. H.I.I.T. & Core is a total-body interval training workout that incorporates cardio/plyometrics, strength, and core work, using a variety of equipment such as light dumbbells, bands, or just body weight and a mat. The class is typically structured around timed intervals, helping you push through each round with focus and intensity. Bring a sweat towel, water bottle, and let’s smash this high-intensity session! ",Noyes Multipurpose Room,2026-03-25T18:15:00,2026-03-25T19:00:00,https://appdev-upload.nyc3.cdn.digitaloceanspaces.com/uplift/noyes.jpg
class_701149,Group Fitness Class,-76.48803891048553,42.44660528140398,Barre,Cornell Rec class,Group Fitness,"Instructor: Julia A.. This high-energy, low-impact class moves through a fast-paced series of exercises using small, controlled movements, isometric holds, and high repetitions—often with light equipment. You'll target muscles you didn’t even know you had, while strengthening your core, glutes, legs, and arms, and improving balance and posture.",Noyes Multipurpose Room,2026-03-26T16:00:00,2026-03-26T17:00:00,https://appdev-upload.nyc3.cdn.digitaloceanspaces.com/uplift/noyes.jpg
class_701157,Group Fitness Class,-76.48803891048553,42.44660528140398,Yoga - Rockin' Flow,Cornell Rec class,Group Fitness,"Instructor: Linda. A dynamic, powerful, and music-filled class awaits you! From a Vinyasa Yoga flowing style, the arc of class follows the rhythm of the music, encouraging students to truly let go into the moment, providing space for deeper exploration of their yoga practice. Class always ends with a guided Deep Relaxation allowing students to soak it all in.  Although familiarity with yoga is helpful to participate, everyone is encouraged to attend and to challenge themselves at their own pace.",Noyes Multipurpose Room,2026-03-27T16:45:00,2026-03-27T18:00:00,https://appdev-upload.nyc3.cdn.digitaloceanspaces.com/uplift/noyes.jpg
class_701161,Group Fitness Class,-76.48803891048553,42.44660528140398,Cycling  (CANCELED),Cornell Rec class,Group Fitness,Instructor: Melissa. ,Noyes Multipurpose Room,,,https://appdev-upload.nyc3.cdn.digitaloceanspaces.com/uplift/noyes.jpg
class_701181,Group Fitness Class,-76.48803891048553,42.44660528140398,Cycling Express (CANCELED),Cornell Rec class,Group Fitness,"Instructor: Sydney Go.. Short on time or just getting started with exercise? Cycling Express is the perfect way to fit in an efficient, effective cardio workout. This 45-minute indoor cycling class blends energizing music with basic cycling movements, motivational coaching and breath awareness.This low-impact, high-energy ride lets you set the pace to match your goals. Whether you're building stamina or simply boosting your mood, this class will move you. ",Noyes Multipurpose Room,,,https://appdev-upload.nyc3.cdn.digitaloceanspaces.com/uplift/noyes.jpg
class_701183,Group Fitness Class,-76.48803891048553,42.44660528140398,Barre 30 (CANCELED),Cornell Rec class,Group Fitness,"Instructor: Jana. Short on time? This 30-minute, high-energy class is designed to make the most of every minute. You’ll move through a fast-paced series of low-impact exercises using small, controlled movements, isometric holds, and high repetitions, often with light equipment. You'll target muscles you didn’t even know you had, while strengthening your core, glutes, legs, and arms, and improving balance and posture. ",Noyes Multipurpose Room,,,https://appdev-upload.nyc3.cdn.digitaloceanspaces.com/uplift/noyes.jpg
class_701186,Group Fitness Class,-76.48803891048553,42.44660528140398,Cardio Kickboxing & H.I.I.T. (CANCELED),Cornell Rec class,Group Fitness,"Instructor: Cheryl. Looking for a cardio routine that engages your entire body? This high-energy class combines powerful kickboxing moves with H.I.I.T. (High-Intensity Interval Training) drills to maximize your workout. You’ll punch, kick, and sweat your way through dynamic combos that build stamina, increase cardio capacity, and improve coordination. We move to the beat of the music, building fun, progressive sequences that keep you energized and motivated. Come ready to challenge yourself and have fun!",Noyes Multipurpose Room,,,https://appdev-upload.nyc3.cdn.digitaloceanspaces.com/uplift/noyes.jpg
class_701201,Group Fitness Class,-76.48803891048553,42.44660528140398,Cycling Express (CANCELED),Cornell Rec class,Group Fitness,"Instructor: Tammy. Short on time or just getting started with exercise? Cycling Express is the perfect way to fit in an efficient, effective cardio workout. This 45-minute indoor cycling class blends energizing music with basic cycling movements, motivational coaching and breath awareness.This low-impact, high-energy ride lets you set the pace to match your goals. Whether you're building stamina or simply boosting your mood, this class will move you. ",Noyes Multipurpose Room,,,https://appdev-upload.nyc3.cdn.digitaloceanspaces.com/uplift/noyes.jpg
class_701224,Group Fitness Class,-76.48803891048553,42.44660528140398,H.I.I.T. & Core (CANCELED),Cornell Rec class,Group Fitness,"Instructor: Marco. H.I.I.T. & Core is a total-body interval training workout that incorporates cardio/plyometrics, strength, and core work, using a variety of equipment such as light dumbbells, bands, or just body weight and a mat. The class is typically structured around timed intervals, helping you push through each round with focus and intensity. Bring a sweat towel, water bottle, and let’s smash this high-intensity session! ",Noyes Multipurpose Room,,,https://appdev-upload.nyc3.cdn.digitaloceanspaces.com/uplift/noyes.jpg
class_701254,Group Fitness Class,-76.48803891048553,42.44660528140398,Yoga - Vinyasa,Cornell Rec class,Group Fitness,"Instructor: Felicia. Vinyasa Yoga uses the breath as a guide to flow from one posture to the next resulting in cardiovascular development and the cultivation of equanimity, flexibility, and strength. This vibrant class creates a balance between moving fluidly from one form to another with learning variations to help one adapt to their individual needs.  Although familiarity with yoga is helpful to participate, everyone is encouraged to challenge themselves at their own pace.",Noyes Multipurpose Room,2026-04-08T19:15:00,2026-04-08T20:15:00,https://appdev-upload.nyc3.cdn.digitaloceanspaces.com/uplift/noyes.jpg
class_701266,Group Fitness Class,-76.48803891048553,42.44660528140398,Cycling Express,Cornell Rec class,Group Fitness,"Instructor: Jamie H.. Short on time or just getting started with exercise? Cycling Express is the perfect way to fit in an efficient, effective cardio workout. This 45-minute indoor cycling class blends energizing music with basic cycling movements, motivational coaching and breath awareness.This low-impact, high-energy ride lets you set the pace to match your goals. Whether you're building stamina or simply boosting your mood, this class will move you. ",Noyes Multipurpose Room,2026-04-10T18:15:00,2026-04-10T19:00:00,https://appdev-upload.nyc3.cdn.digitaloceanspaces.com/uplift/noyes.jpg
class_701271,Group Fitness Class,-76.48803891048553,42.44660528140398,Yoga - Vinyasa,Cornell Rec class,Group Fitness,"Instructor: Melissa. Vinyasa Yoga uses the breath as a guide to flow from one posture to the next resulting in cardiovascular development and the cultivation of equanimity, flexibility, and strength. This vibrant class creates a balance between moving fluidly from one form to another with learning variations to help one adapt to their individual needs.  Although familiarity with yoga is helpful to participate, everyone is encouraged to challenge themselves at their own pace.",Noyes Multipurpose Room,2026-04-11T12:45:00,2026-04-11T14:00:00,https://appdev-upload.nyc3.cdn.digitaloceanspaces.com/uplift/noyes.jpg
class_701276,Group Fitness Class,-76.48803891048553,42.44660528140398,Barre,Cornell Rec class,Group Fitness,"Instructor: Janice. This high-energy, low-impact class moves through a fast-paced series of exercises using small, controlled movements, isometric holds, and high repetitions—often with light equipment. You'll target muscles you didn’t even know you had, while strengthening your core, glutes, legs, and arms, and improving balance and posture.",Noyes Multipurpose Room,2026-04-12T12:30:00,2026-04-12T13:30:00,https://appdev-upload.nyc3.cdn.digitaloceanspaces.com/uplift/noyes.jpg
class_701091,Group Fitness Class,-76.48803891048553,42.44660528140398,H.I.I.T. & Core,Cornell Rec class,Group Fitness,"Instructor: Marco. H.I.I.T. & Core is a total-body interval training workout that incorporates cardio/plyometrics, strength, and core work, using a variety of equipment such as light dumbbells, bands, or just body weight and a mat. The class is typically structured around timed intervals, helping you push through each round with focus and intensity. Bring a sweat towel, water bottle, and let’s smash this high-intensity session! ",Noyes Multipurpose Room,2026-03-18T18:15:00,2026-03-18T19:00:00,https://appdev-upload.nyc3.cdn.digitaloceanspaces.com/uplift/noyes.jpg
class_701095,Group Fitness Class,-76.48803891048553,42.44660528140398,Barre,Cornell Rec class,Group Fitness,"Instructor: Janice. This high-energy, low-impact class moves through a fast-paced series of exercises using small, controlled movements, isometric holds, and high repetitions—often with light equipment. You'll target muscles you didn’t even know you had, while strengthening your core, glutes, legs, and arms, and improving balance and posture.",Noyes Multipurpose Room,2026-03-19T16:00:00,2026-03-19T17:00:00,https://appdev-upload.nyc3.cdn.digitaloceanspaces.com/uplift/noyes.jpg
class_701103,Group Fitness Class,-76.48803891048553,42.44660528140398,Yoga - Rockin' Flow,Cornell Rec class,Group Fitness,"Instructor: Melissa. A dynamic, powerful, and music-filled class awaits you! From a Vinyasa Yoga flowing style, the arc of class follows the rhythm of the music, encouraging students to truly let go into the moment, providing space for deeper exploration of their yoga practice. Class always ends with a guided Deep Relaxation allowing students to soak it all in.  Although familiarity with yoga is helpful to participate, everyone is encouraged to attend and to challenge themselves at their own pace.",Noyes Multipurpose Room,2026-03-20T16:45:00,2026-03-20T18:00:00,https://appdev-upload.nyc3.cdn.digitaloceanspaces.com/uplift/noyes.jpg
class_701109,Group Fitness Class,-76.48803891048553,42.44660528140398,Yoga - Vinyasa,Cornell Rec class,Group Fitness,"Instructor: Melissa. Vinyasa Yoga uses the breath as a guide to flow from one posture to the next resulting in cardiovascular development and the cultivation of equanimity, flexibility, and strength. This vibrant class creates a balance between moving fluidly from one form to another with learning variations to help one adapt to their individual needs.  Although familiarity with yoga is helpful to participate, everyone is encouraged to challenge themselves at their own pace.",Noyes Multipurpose Room,2026-03-21T12:45:00,2026-03-21T14:00:00,https://appdev-upload.nyc3.cdn.digitaloceanspaces.com/uplift/noyes.jpg
class_701112,Group Fitness Class,-76.48803891048553,42.44660528140398,ZUMBA®,Cornell Rec class,Group Fitness,"Instructor: Cheryl. ZUMBA® combines Latin rhythms and international dance moves to create an upbeat, calorie blasting experience! With a fusion of Latin, Belly dance, Reggaeton, Hip-Hop, and other forms of dance, routines feature aerobic interval training with a combination of fast and slow rhythms that tone and sculpt the body. Spend 45 minutes dancing your worries away! ",Noyes Multipurpose Room,2026-03-22T11:30:00,2026-03-22T12:15:00,https://appdev-upload.nyc3.cdn.digitaloceanspaces.com/uplift/noyes.jpg
class_701115,Group Fitness Class,-76.48803891048553,42.44660528140398,Yoga - Gentle Vinyasa,Cornell Rec class,Group Fitness,"Instructor: Francesca. This Gentle Vinyasa Yoga class focuses on using the breath as a guide to flow slowly from one posture to the next resulting in cardiovascular development and the cultivation of equanimity, flexibility, and strength. This moderately paced class creates a balance between learning several postures in more detail, and moving fluidly, yet gently, from one pose to another.  Students of all levels are encouraged to attend and to challenge themselves at their own pace. ",Noyes Multipurpose Room,2026-03-22T16:00:00,2026-03-22T17:00:00,https://appdev-upload.nyc3.cdn.digitaloceanspaces.com/uplift/noyes.jpg
class_701124,Group Fitness Class,-76.48803891048553,42.44660528140398,Pilates - Mat,Cornell Rec class,Group Fitness,"Instructor: Priyanka. Pilates is a conditioning program designed to increase body awareness, improve alignment and breathing. You will build endurance, flexibility, coordination, and strength through a highly focused flow of movements.",Noyes Multipurpose Room,2026-03-23T18:30:00,2026-03-23T19:30:00,https://appdev-upload.nyc3.cdn.digitaloceanspaces.com/uplift/noyes.jpg
class_701132,Group Fitness Class,-76.48803891048553,42.44660528140398,Cardio Kickboxing & H.I.I.T.,Cornell Rec class,Group Fitness,"Instructor: Cheryl. Looking for a cardio routine that engages your entire body? This high-energy class combines powerful kickboxing moves with H.I.I.T. (High-Intensity Interval Training) drills to maximize your workout. You’ll punch, kick, and sweat your way through dynamic combos that build stamina, increase cardio capacity, and improve coordination. We move to the beat of the music, building fun, progressive sequences that keep you energized and motivated. Come ready to challenge yourself and have fun!",Noyes Multipurpose Room,2026-03-24T18:00:00,2026-03-24T18:50:00,https://appdev-upload.nyc3.cdn.digitaloceanspaces.com/uplift/noyes.jpg
class_701140,Group Fitness Class,-76.48803891048553,42.44660528140398,Cycling & Yoga,Cornell Rec class,Group Fitness,"Instructor: Linda. Experience the perfect balance of energy and relaxation in this unique class that combines indoor cycling with yoga. Begin with 30–35 minutes of heart-pumping cycling to build endurance and boost cardiovascular health, guided with a focus on breath, alignment, and mindful movement. Then, transition off the bike and onto a mat for a yoga flow designed to stretch and release the muscles most engaged during cycling, especially the hamstrings, hips, and spine. This class offers a complete mind-body reset, leaving you both energized and restored.",Noyes Multipurpose Room,2026-03-25T16:45:00,2026-03-25T18:00:00,https://appdev-upload.nyc3.cdn.digitaloceanspaces.com/uplift/noyes.jpg
class_701152,Group Fitness Class,-76.48803891048553,42.44660528140398,Free ZUMBA®,Cornell Rec class,Group Fitness,"Instructor: Stephanie. No membership required.  Offered in collaboration with Cornell Minds Matter.ZUMBA® combines Latin rhythms and international dance moves to create an upbeat, calorie blasting experience! With a fusion of Latin, Bellydance, Reggaeton, Hip-Hop, and other forms of dance, routines feature aerobic interval training with a combination of fast and slow rhythms that tone and sculpt the body. Spend 45 minutes dancing your worries away! ",Noyes Multipurpose Room,2026-03-26T18:30:00,2026-03-26T19:15:00,https://appdev-upload.nyc3.cdn.digitaloceanspaces.com/uplift/noyes.jpg
class_701156,Group Fitness Class,-76.48803891048553,42.44660528140398,Core & More,Cornell Rec class,Group Fitness,"Instructor: Linda. Strengthen and condition your core muscles...and more! This class will work your core, which includes the abdominal and low back muscles. Additional exercises incorporate upper and lower body as a way to strengthen your core, giving you a full body workout! ",Noyes Multipurpose Room,2026-03-27T16:00:00,2026-03-27T16:30:00,https://appdev-upload.nyc3.cdn.digitaloceanspaces.com/uplift/noyes.jpg
class_701166,Group Fitness Class,-76.48803891048553,42.44660528140398,ZUMBA® (CANCELED),Cornell Rec class,Group Fitness,"Instructor: Cheryl. ZUMBA® combines Latin rhythms and international dance moves to create an upbeat, calorie blasting experience! With a fusion of Latin, Belly dance, Reggaeton, Hip-Hop, and other forms of dance, routines feature aerobic interval training with a combination of fast and slow rhythms that tone and sculpt the body. Spend 45 minutes dancing your worries away! ",Noyes Multipurpose Room,,,https://appdev-upload.nyc3.cdn.digitaloceanspaces.com/uplift/noyes.jpg
class_701170,Group Fitness Class,-76.48803891048553,42.44660528140398,H.I.I.T. & Core (CANCELED),Cornell Rec class,Group Fitness,"Instructor: Marco. H.I.I.T. & Core is a total-body interval training workout that incorporates cardio/plyometrics, strength, and core work, using a variety of equipment such as light dumbbells, bands, or just body weight and a mat. The class is typically structured around timed intervals, helping you push through each round with focus and intensity. Bring a sweat towel, water bottle, and let’s smash this high-intensity session! ",Noyes Multipurpose Room,,,https://appdev-upload.nyc3.cdn.digitaloceanspaces.com/uplift/noyes.jpg
class_701194,Group Fitness Class,-76.48803891048553,42.44660528140398,Cycling & Yoga (CANCELED),Cornell Rec class,Group Fitness,"Instructor: Linda. Experience the perfect balance of energy and relaxation in this unique class that combines indoor cycling with yoga. Begin with 30–35 minutes of heart-pumping cycling to build endurance and boost cardiovascular health, guided with a focus on breath, alignment, and mindful movement. Then, transition off the bike and onto a mat for a yoga flow designed to stretch and release the muscles most engaged during cycling, especially the hamstrings, hips, and spine. This class offers a complete mind-body reset, leaving you both energized and restored.",Noyes Multipurpose Room,,,https://appdev-upload.nyc3.cdn.digitaloceanspaces.com/uplift/noyes.jpg
class_701199,Group Fitness Class,-76.48803891048553,42.44660528140398,H.I.I.T. & Core (CANCELED),Cornell Rec class,Group Fitness,"Instructor: Marco. H.I.I.T. & Core is a total-body interval training workout that incorporates cardio/plyometrics, strength, and core work, using a variety of equipment such as light dumbbells, bands, or just body weight and a mat. The class is typically structured around timed intervals, helping you push through each round with focus and intensity. Bring a sweat towel, water bottle, and let’s smash this high-intensity session! ",Noyes Multipurpose Room,,,https://appdev-upload.nyc3.cdn.digitaloceanspaces.com/uplift/noyes.jpg
class_701208,Group Fitness Class,-76.48803891048553,42.44660528140398,H.I.I.T. & Core,Cornell Rec class,Group Fitness,"Instructor: Jenna. H.I.I.T. & Core is a total-body interval training workout that incorporates cardio/plyometrics, strength, and core work, using a variety of equipment such as light dumbbells, bands, or just body weight and a mat. The class is typically structured around timed intervals, helping you push through each round with focus and intensity. Bring a sweat towel, water bottle, and let’s smash this high-intensity session! ",Noyes Multipurpose Room,2026-04-02T19:30:00,2026-04-02T20:15:00,https://appdev-upload.nyc3.cdn.digitaloceanspaces.com/uplift/noyes.jpg
class_701223,Group Fitness Class,-76.48803891048553,42.44660528140398,Yoga - Gentle Vinyasa (CANCELED),Cornell Rec class,Group Fitness,"Instructor: Francesca. This Gentle Vinyasa Yoga class focuses on using the breath as a guide to flow slowly from one posture to the next resulting in cardiovascular development and the cultivation of equanimity, flexibility, and strength. This moderately paced class creates a balance between learning several postures in more detail, and moving fluidly, yet gently, from one pose to another.  Students of all levels are encouraged to attend and to challenge themselves at their own pace. ",Noyes Multipurpose Room,,,https://appdev-upload.nyc3.cdn.digitaloceanspaces.com/uplift/noyes.jpg
class_701228,Group Fitness Class,-76.48803891048553,42.44660528140398,Core & More,Cornell Rec class,Group Fitness,"Instructor: Melissa. Strengthen and condition your core muscles...and more! This class will work your core, which includes the abdominal and low back muscles. Additional exercises incorporate upper and lower body as a way to strengthen your core, giving you a full body workout! ",Noyes Multipurpose Room,2026-04-06T16:15:00,2026-04-06T16:45:00,https://appdev-upload.nyc3.cdn.digitaloceanspaces.com/uplift/noyes.jpg
class_701238,Group Fitness Class,-76.48803891048553,42.44660528140398,Pilates - Mat Express,Cornell Rec class,Group Fitness,"Instructor: Jana. Pilates is a conditioning program designed to increase body awareness, improve alignment and breathing. You will build endurance, flexibility, coordination, and strength through a highly focused flow of movements.",Noyes Multipurpose Room,2026-04-07T17:00:00,2026-04-07T17:45:00,https://appdev-upload.nyc3.cdn.digitaloceanspaces.com/uplift/noyes.jpg
class_701243,Group Fitness Class,-76.48803891048553,42.44660528140398,H.I.I.T. & Core,Cornell Rec class,Group Fitness,"Instructor: Jenna. H.I.I.T. & Core is a total-body interval training workout that incorporates cardio/plyometrics, strength, and core work, using a variety of equipment such as light dumbbells, bands, or just body weight and a mat. The class is typically structured around timed intervals, helping you push through each round with focus and intensity. Bring a sweat towel, water bottle, and let’s smash this high-intensity session! ",Noyes Multipurpose Room,2026-04-07T19:00:00,2026-04-07T19:45:00,https://appdev-upload.nyc3.cdn.digitaloceanspaces.com/uplift/noyes.jpg
class_701253,Group Fitness Class,-76.48803891048553,42.44660528140398,H.I.I.T. & Core,Cornell Rec class,Group Fitness,"Instructor: Marco. H.I.I.T. & Core is a total-body interval training workout that incorporates cardio/plyometrics, strength, and core work, using a variety of equipment such as light dumbbells, bands, or just body weight and a mat. The class is typically structured around timed intervals, helping you push through each round with focus and intensity. Bring a sweat towel, water bottle, and let’s smash this high-intensity session! ",Noyes Multipurpose Room,2026-04-08T18:15:00,2026-04-08T19:00:00,https://appdev-upload.nyc3.cdn.digitaloceanspaces.com/uplift/noyes.jpg
class_701255,Group Fitness Class,-76.48803891048553,42.44660528140398,Cycling Express,Cornell Rec class,Group Fitness,"Instructor: Tammy. Short on time or just getting started with exercise? Cycling Express is the perfect way to fit in an efficient, effective cardio workout. This 45-minute indoor cycling class blends energizing music with basic cycling movements, motivational coaching and breath awareness.This low-impact, high-energy ride lets you set the pace to match your goals. Whether you're building stamina or simply boosting your mood, this class will move you. ",Noyes Multipurpose Room,2026-04-08T20:30:00,2026-04-08T21:15:00,https://appdev-upload.nyc3.cdn.digitaloceanspaces.com/uplift/noyes.jpg
class_701259,Group Fitness Class,-76.48803891048553,42.44660528140398,Yoga - Ashtanga - Inspired,Cornell Rec class,Group Fitness,"Instructor: Jenni. This Ashtanga-Inspired Yoga class is a wonderfully challenging, yet accessible yoga class.  We mix the traditional Ashtanga Primary and Intermediate sequences with other yoga positions and practices, to create well-rounded sequences, regardless of experience.  Challenge yourself however you wish, and leave feeling relaxed and strong.",Noyes Multipurpose Room,2026-04-09T17:15:00,2026-04-09T18:15:00,https://appdev-upload.nyc3.cdn.digitaloceanspaces.com/uplift/noyes.jpg
class_701262,Group Fitness Class,-76.48803891048553,42.44660528140398,H.I.I.T. & Core,Cornell Rec class,Group Fitness,"Instructor: Jenna. H.I.I.T. & Core is a total-body interval training workout that incorporates cardio/plyometrics, strength, and core work, using a variety of equipment such as light dumbbells, bands, or just body weight and a mat. The class is typically structured around timed intervals, helping you push through each round with focus and intensity. Bring a sweat towel, water bottle, and let’s smash this high-intensity session! ",Noyes Multipurpose Room,2026-04-09T19:30:00,2026-04-09T20:15:00,https://appdev-upload.nyc3.cdn.digitaloceanspaces.com/uplift/noyes.jpg
class_701277,Group Fitness Class,-76.48803891048553,42.44660528140398,Yoga - Gentle Vinyasa,Cornell Rec class,Group Fitness,"Instructor: Francesca. This Gentle Vinyasa Yoga class focuses on using the breath as a guide to flow slowly from one posture to the next resulting in cardiovascular development and the cultivation of equanimity, flexibility, and strength. This moderately paced class creates a balance between learning several postures in more detail, and moving fluidly, yet gently, from one pose to another.  Students of all levels are encouraged to attend and to challenge themselves at their own pace. ",Noyes Multipurpose Room,2026-04-12T16:00:00,2026-04-12T17:00:00,https://appdev-upload.nyc3.cdn.digitaloceanspaces.com/uplift/noyes.jpg
class_701282,Group Fitness Class,-76.48803891048553,42.44660528140398,Core & More,Cornell Rec class,Group Fitness,"Instructor: Melissa. Strengthen and condition your core muscles...and more! This class will work your core, which includes the abdominal and low back muscles. Additional exercises incorporate upper and lower body as a way to strengthen your core, giving you a full body workout! ",Noyes Multipurpose Room,2026-04-13T16:15:00,2026-04-13T16:45:00,https://appdev-upload.nyc3.cdn.digitaloceanspaces.com/uplift/noyes.jpg
class_701092,Group Fitness Class,-76.48803891048553,42.44660528140398,Yoga - Vinyasa,Cornell Rec class,Group Fitness,"Instructor: Felicia. Vinyasa Yoga uses the breath as a guide to flow from one posture to the next resulting in cardiovascular development and the cultivation of equanimity, flexibility, and strength. This vibrant class creates a balance between moving fluidly from one form to another with learning variations to help one adapt to their individual needs.  Although familiarity with yoga is helpful to participate, everyone is encouraged to challenge themselves at their own pace.",Noyes Multipurpose Room,2026-03-18T19:15:00,2026-03-18T20:15:00,https://appdev-upload.nyc3.cdn.digitaloceanspaces.com/uplift/noyes.jpg
class_701100,Group Fitness Class,-76.48803891048553,42.44660528140398,H.I.I.T. & Core,Cornell Rec class,Group Fitness,"Instructor: Jenna. H.I.I.T. & Core is a total-body interval training workout that incorporates cardio/plyometrics, strength, and core work, using a variety of equipment such as light dumbbells, bands, or just body weight and a mat. The class is typically structured around timed intervals, helping you push through each round with focus and intensity. Bring a sweat towel, water bottle, and let’s smash this high-intensity session! ",Noyes Multipurpose Room,2026-03-19T19:30:00,2026-03-19T20:15:00,https://appdev-upload.nyc3.cdn.digitaloceanspaces.com/uplift/noyes.jpg
class_701104,Group Fitness Class,-76.48803891048553,42.44660528140398,Cycling Express,Cornell Rec class,Group Fitness,"Instructor: Harryette. Short on time or just getting started with exercise? Cycling Express is the perfect way to fit in an efficient, effective cardio workout. This 45-minute indoor cycling class blends energizing music with basic cycling movements, motivational coaching and breath awareness.This low-impact, high-energy ride lets you set the pace to match your goals. Whether you're building stamina or simply boosting your mood, this class will move you. ",Noyes Multipurpose Room,2026-03-20T18:15:00,2026-03-20T19:00:00,https://appdev-upload.nyc3.cdn.digitaloceanspaces.com/uplift/noyes.jpg
class_701107,Group Fitness Class,-76.48803891048553,42.44660528140398,Cycling ,Cornell Rec class,Group Fitness,Instructor: Melissa. ,Noyes Multipurpose Room,2026-03-21T11:30:00,2026-03-21T12:30:00,https://appdev-upload.nyc3.cdn.digitaloceanspaces.com/uplift/noyes.jpg
class_701116,Group Fitness Class,-76.48803891048553,42.44660528140398,H.I.I.T. & Core,Cornell Rec class,Group Fitness,"Instructor: Marco. H.I.I.T. & Core is a total-body interval training workout that incorporates cardio/plyometrics, strength, and core work, using a variety of equipment such as light dumbbells, bands, or just body weight and a mat. The class is typically structured around timed intervals, helping you push through each round with focus and intensity. Bring a sweat towel, water bottle, and let’s smash this high-intensity session! ",Noyes Multipurpose Room,2026-03-22T17:15:00,2026-03-22T18:00:00,https://appdev-upload.nyc3.cdn.digitaloceanspaces.com/uplift/noyes.jpg
class_701122,Group Fitness Class,-76.48803891048553,42.44660528140398,Cycling & Yoga,Cornell Rec class,Group Fitness,"Instructor: Melissa. Experience the perfect balance of energy and relaxation in this unique class that combines indoor cycling with yoga. Begin with 30–35 minutes of heart-pumping cycling to build endurance and boost cardiovascular health, guided with a focus on breath, alignment, and mindful movement. Then, transition off the bike and onto a mat for a yoga flow designed to stretch and release the muscles most engaged during cycling, especially the hamstrings, hips, and spine. This class offers a complete mind-body reset, leaving you both energized and restored.",Noyes Multipurpose Room,2026-03-23T17:00:00,2026-03-23T18:15:00,https://appdev-upload.nyc3.cdn.digitaloceanspaces.com/uplift/noyes.jpg
class_701127,Group Fitness Class,-76.48803891048553,42.44660528140398,Cycling Express,Cornell Rec class,Group Fitness,"Instructor: Sydney Go.. Short on time or just getting started with exercise? Cycling Express is the perfect way to fit in an efficient, effective cardio workout. This 45-minute indoor cycling class blends energizing music with basic cycling movements, motivational coaching and breath awareness.This low-impact, high-energy ride lets you set the pace to match your goals. Whether you're building stamina or simply boosting your mood, this class will move you. ",Noyes Multipurpose Room,2026-03-23T19:45:00,2026-03-23T20:30:00,https://appdev-upload.nyc3.cdn.digitaloceanspaces.com/uplift/noyes.jpg
class_701135,Group Fitness Class,-76.48803891048553,42.44660528140398,H.I.I.T. & Core,Cornell Rec class,Group Fitness,"Instructor: Jenna. H.I.I.T. & Core is a total-body interval training workout that incorporates cardio/plyometrics, strength, and core work, using a variety of equipment such as light dumbbells, bands, or just body weight and a mat. The class is typically structured around timed intervals, helping you push through each round with focus and intensity. Bring a sweat towel, water bottle, and let’s smash this high-intensity session! ",Noyes Multipurpose Room,2026-03-24T19:00:00,2026-03-24T19:45:00,https://appdev-upload.nyc3.cdn.digitaloceanspaces.com/uplift/noyes.jpg
class_701147,Group Fitness Class,-76.48803891048553,42.44660528140398,Cycling Express,Cornell Rec class,Group Fitness,"Instructor: Tammy. Short on time or just getting started with exercise? Cycling Express is the perfect way to fit in an efficient, effective cardio workout. This 45-minute indoor cycling class blends energizing music with basic cycling movements, motivational coaching and breath awareness.This low-impact, high-energy ride lets you set the pace to match your goals. Whether you're building stamina or simply boosting your mood, this class will move you. ",Noyes Multipurpose Room,2026-03-25T20:30:00,2026-03-25T21:15:00,https://appdev-upload.nyc3.cdn.digitaloceanspaces.com/uplift/noyes.jpg
class_701151,Group Fitness Class,-76.48803891048553,42.44660528140398,Yoga - Ashtanga - Inspired,Cornell Rec class,Group Fitness,"Instructor: Jenni. This Ashtanga-Inspired Yoga class is a wonderfully challenging, yet accessible yoga class.  We mix the traditional Ashtanga Primary and Intermediate sequences with other yoga positions and practices, to create well-rounded sequences, regardless of experience.  Challenge yourself however you wish, and leave feeling relaxed and strong.",Noyes Multipurpose Room,2026-03-26T17:15:00,2026-03-26T18:15:00,https://appdev-upload.nyc3.cdn.digitaloceanspaces.com/uplift/noyes.jpg
class_701163,Group Fitness Class,-76.48803891048553,42.44660528140398,Yoga - Vinyasa,Cornell Rec class,Group Fitness,"Instructor: Melissa. Vinyasa Yoga uses the breath as a guide to flow from one posture to the next resulting in cardiovascular development and the cultivation of equanimity, flexibility, and strength. This vibrant class creates a balance between moving fluidly from one form to another with learning variations to help one adapt to their individual needs.  Although familiarity with yoga is helpful to participate, everyone is encouraged to challenge themselves at their own pace.",Noyes Multipurpose Room,2026-03-28T12:45:00,2026-03-28T14:00:00,https://appdev-upload.nyc3.cdn.digitaloceanspaces.com/uplift/noyes.jpg
class_701168,Group Fitness Class,-76.48803891048553,42.44660528140398,Barre (CANCELED),Cornell Rec class,Group Fitness,"Instructor: Janice. This high-energy, low-impact class moves through a fast-paced series of exercises using small, controlled movements, isometric holds, and high repetitions—often with light equipment. You'll target muscles you didn’t even know you had, while strengthening your core, glutes, legs, and arms, and improving balance and posture.",Noyes Multipurpose Room,,,https://appdev-upload.nyc3.cdn.digitaloceanspaces.com/uplift/noyes.jpg
class_701174,Group Fitness Class,-76.48803891048553,42.44660528140398,Core & More,Cornell Rec class,Group Fitness,"Instructor: Melissa. Strengthen and condition your core muscles...and more! This class will work your core, which includes the abdominal and low back muscles. Additional exercises incorporate upper and lower body as a way to strengthen your core, giving you a full body workout! ",Noyes Multipurpose Room,2026-03-30T16:15:00,2026-03-30T16:45:00,https://appdev-upload.nyc3.cdn.digitaloceanspaces.com/uplift/noyes.jpg
class_701176,Group Fitness Class,-76.48803891048553,42.44660528140398,Cycling & Yoga,Cornell Rec class,Group Fitness,"Instructor: Melissa. Experience the perfect balance of energy and relaxation in this unique class that combines indoor cycling with yoga. Begin with 30–35 minutes of heart-pumping cycling to build endurance and boost cardiovascular health, guided with a focus on breath, alignment, and mindful movement. Then, transition off the bike and onto a mat for a yoga flow designed to stretch and release the muscles most engaged during cycling, especially the hamstrings, hips, and spine. This class offers a complete mind-body reset, leaving you both energized and restored.",Noyes Multipurpose Room,2026-03-30T17:00:00,2026-03-30T18:15:00,https://appdev-upload.nyc3.cdn.digitaloceanspaces.com/uplift/noyes.jpg
class_701178,Group Fitness Class,-76.48803891048553,42.44660528140398,Pilates - Mat (CANCELED),Cornell Rec class,Group Fitness,"Instructor: Priyanka. Pilates is a conditioning program designed to increase body awareness, improve alignment and breathing. You will build endurance, flexibility, coordination, and strength through a highly focused flow of movements.",Noyes Multipurpose Room,,,https://appdev-upload.nyc3.cdn.digitaloceanspaces.com/uplift/noyes.jpg
class_701184,Group Fitness Class,-76.48803891048553,42.44660528140398,Pilates - Mat Express (CANCELED),Cornell Rec class,Group Fitness,"Instructor: Jana. Pilates is a conditioning program designed to increase body awareness, improve alignment and breathing. You will build endurance, flexibility, coordination, and strength through a highly focused flow of movements.",Noyes Multipurpose Room,,,https://appdev-upload.nyc3.cdn.digitaloceanspaces.com/uplift/noyes.jpg
class_701191,Group Fitness Class,-76.48803891048553,42.44660528140398,Yoga - Vinyasa (CANCELED),Cornell Rec class,Group Fitness,"Instructor: Marley. Vinyasa Yoga uses the breath as a guide to flow from one posture to the next resulting in cardiovascular development and the cultivation of equanimity, flexibility, and strength. This vibrant class creates a balance between moving fluidly from one form to another with learning variations to help one adapt to their individual needs.  Although familiarity with yoga is helpful to participate, everyone is encouraged to challenge themselves at their own pace.",Noyes Multipurpose Room,,,https://appdev-upload.nyc3.cdn.digitaloceanspaces.com/uplift/noyes.jpg
class_701200,Group Fitness Class,-76.48803891048553,42.44660528140398,Yoga - Vinyasa,Cornell Rec class,Group Fitness,"Instructor: Felicia. Vinyasa Yoga uses the breath as a guide to flow from one posture to the next resulting in cardiovascular development and the cultivation of equanimity, flexibility, and strength. This vibrant class creates a balance between moving fluidly from one form to another with learning variations to help one adapt to their individual needs.  Although familiarity with yoga is helpful to participate, everyone is encouraged to challenge themselves at their own pace.",Noyes Multipurpose Room,2026-04-01T19:15:00,2026-04-01T20:15:00,https://appdev-upload.nyc3.cdn.digitaloceanspaces.com/uplift/noyes.jpg
class_701212,Group Fitness Class,-76.48803891048553,42.44660528140398,Cycling Express (CANCELED),Cornell Rec class,Group Fitness,"Instructor: Harryette. Short on time or just getting started with exercise? Cycling Express is the perfect way to fit in an efficient, effective cardio workout. This 45-minute indoor cycling class blends energizing music with basic cycling movements, motivational coaching and breath awareness.This low-impact, high-energy ride lets you set the pace to match your goals. Whether you're building stamina or simply boosting your mood, this class will move you. ",Noyes Multipurpose Room,,,https://appdev-upload.nyc3.cdn.digitaloceanspaces.com/uplift/noyes.jpg
class_701217,Group Fitness Class,-76.48803891048553,42.44660528140398,Yoga - Vinyasa (CANCELED),Cornell Rec class,Group Fitness,"Instructor: Melissa. Vinyasa Yoga uses the breath as a guide to flow from one posture to the next resulting in cardiovascular development and the cultivation of equanimity, flexibility, and strength. This vibrant class creates a balance between moving fluidly from one form to another with learning variations to help one adapt to their individual needs.  Although familiarity with yoga is helpful to participate, everyone is encouraged to challenge themselves at their own pace.",Noyes Multipurpose Room,,,https://appdev-upload.nyc3.cdn.digitaloceanspaces.com/uplift/noyes.jpg
class_701222,Group Fitness Class,-76.48803891048553,42.44660528140398,Barre (CANCELED),Cornell Rec class,Group Fitness,"Instructor: Janice. This high-energy, low-impact class moves through a fast-paced series of exercises using small, controlled movements, isometric holds, and high repetitions—often with light equipment. You'll target muscles you didn’t even know you had, while strengthening your core, glutes, legs, and arms, and improving balance and posture.",Noyes Multipurpose Room,,,https://appdev-upload.nyc3.cdn.digitaloceanspaces.com/uplift/noyes.jpg
class_701232,Group Fitness Class,-76.48803891048553,42.44660528140398,Pilates - Mat,Cornell Rec class,Group Fitness,"Instructor: Priyanka. Pilates is a conditioning program designed to increase body awareness, improve alignment and breathing. You will build endurance, flexibility, coordination, and strength through a highly focused flow of movements.",Noyes Multipurpose Room,2026-04-06T18:30:00,2026-04-06T19:30:00,https://appdev-upload.nyc3.cdn.digitaloceanspaces.com/uplift/noyes.jpg
class_701237,Group Fitness Class,-76.48803891048553,42.44660528140398,Barre 30,Cornell Rec class,Group Fitness,"Instructor: Jana. Short on time? This 30-minute, high-energy class is designed to make the most of every minute. You’ll move through a fast-paced series of low-impact exercises using small, controlled movements, isometric holds, and high repetitions, often with light equipment. You'll target muscles you didn’t even know you had, while strengthening your core, glutes, legs, and arms, and improving balance and posture. ",Noyes Multipurpose Room,2026-04-07T16:20:00,2026-04-07T16:50:00,https://appdev-upload.nyc3.cdn.digitaloceanspaces.com/uplift/noyes.jpg
class_701248,Group Fitness Class,-76.48803891048553,42.44660528140398,Cycling & Yoga,Cornell Rec class,Group Fitness,"Instructor: Linda. Experience the perfect balance of energy and relaxation in this unique class that combines indoor cycling with yoga. Begin with 30–35 minutes of heart-pumping cycling to build endurance and boost cardiovascular health, guided with a focus on breath, alignment, and mindful movement. Then, transition off the bike and onto a mat for a yoga flow designed to stretch and release the muscles most engaged during cycling, especially the hamstrings, hips, and spine. This class offers a complete mind-body reset, leaving you both energized and restored.",Noyes Multipurpose Room,2026-04-08T16:45:00,2026-04-08T18:00:00,https://appdev-upload.nyc3.cdn.digitaloceanspaces.com/uplift/noyes.jpg
class_701257,Group Fitness Class,-76.48803891048553,42.44660528140398,Barre,Cornell Rec class,Group Fitness,"Instructor: Janice. This high-energy, low-impact class moves through a fast-paced series of exercises using small, controlled movements, isometric holds, and high repetitions—often with light equipment. You'll target muscles you didn’t even know you had, while strengthening your core, glutes, legs, and arms, and improving balance and posture.",Noyes Multipurpose Room,2026-04-09T16:00:00,2026-04-09T17:00:00,https://appdev-upload.nyc3.cdn.digitaloceanspaces.com/uplift/noyes.jpg
class_701278,Group Fitness Class,-76.48803891048553,42.44660528140398,H.I.I.T. & Core,Cornell Rec class,Group Fitness,"Instructor: Marco. H.I.I.T. & Core is a total-body interval training workout that incorporates cardio/plyometrics, strength, and core work, using a variety of equipment such as light dumbbells, bands, or just body weight and a mat. The class is typically structured around timed intervals, helping you push through each round with focus and intensity. Bring a sweat towel, water bottle, and let’s smash this high-intensity session! ",Noyes Multipurpose Room,2026-04-12T17:15:00,2026-04-12T18:00:00,https://appdev-upload.nyc3.cdn.digitaloceanspaces.com/uplift/noyes.jpg
class_701093,Group Fitness Class,-76.48803891048553,42.44660528140398,Cycling Express,Cornell Rec class,Group Fitness,"Instructor: Tammy. Short on time or just getting started with exercise? Cycling Express is the perfect way to fit in an efficient, effective cardio workout. This 45-minute indoor cycling class blends energizing music with basic cycling movements, motivational coaching and breath awareness.This low-impact, high-energy ride lets you set the pace to match your goals. Whether you're building stamina or simply boosting your mood, this class will move you. ",Noyes Multipurpose Room,2026-03-18T20:30:00,2026-03-18T21:15:00,https://appdev-upload.nyc3.cdn.digitaloceanspaces.com/uplift/noyes.jpg
class_701097,Group Fitness Class,-76.48803891048553,42.44660528140398,Yoga - Ashtanga - Inspired,Cornell Rec class,Group Fitness,"Instructor: Jenni. This Ashtanga-Inspired Yoga class is a wonderfully challenging, yet accessible yoga class.  We mix the traditional Ashtanga Primary and Intermediate sequences with other yoga positions and practices, to create well-rounded sequences, regardless of experience.  Challenge yourself however you wish, and leave feeling relaxed and strong.",Noyes Multipurpose Room,2026-03-19T17:15:00,2026-03-19T18:15:00,https://appdev-upload.nyc3.cdn.digitaloceanspaces.com/uplift/noyes.jpg
class_701130,Group Fitness Class,-76.48803891048553,42.44660528140398,Pilates - Mat Express,Cornell Rec class,Group Fitness,"Instructor: Jana. Pilates is a conditioning program designed to increase body awareness, improve alignment and breathing. You will build endurance, flexibility, coordination, and strength through a highly focused flow of movements.",Noyes Multipurpose Room,2026-03-24T17:00:00,2026-03-24T17:45:00,https://appdev-upload.nyc3.cdn.digitaloceanspaces.com/uplift/noyes.jpg
class_701146,Group Fitness Class,-76.48803891048553,42.44660528140398,Yoga - Vinyasa,Cornell Rec class,Group Fitness,"Instructor: Felicia. Vinyasa Yoga uses the breath as a guide to flow from one posture to the next resulting in cardiovascular development and the cultivation of equanimity, flexibility, and strength. This vibrant class creates a balance between moving fluidly from one form to another with learning variations to help one adapt to their individual needs.  Although familiarity with yoga is helpful to participate, everyone is encouraged to challenge themselves at their own pace.",Noyes Multipurpose Room,2026-03-25T19:15:00,2026-03-25T20:15:00,https://appdev-upload.nyc3.cdn.digitaloceanspaces.com/uplift/noyes.jpg
class_701154,Group Fitness Class,-76.48803891048553,42.44660528140398,H.I.I.T. & Core,Cornell Rec class,Group Fitness,"Instructor: Jenna. H.I.I.T. & Core is a total-body interval training workout that incorporates cardio/plyometrics, strength, and core work, using a variety of equipment such as light dumbbells, bands, or just body weight and a mat. The class is typically structured around timed intervals, helping you push through each round with focus and intensity. Bring a sweat towel, water bottle, and let’s smash this high-intensity session! ",Noyes Multipurpose Room,2026-03-26T19:30:00,2026-03-26T20:15:00,https://appdev-upload.nyc3.cdn.digitaloceanspaces.com/uplift/noyes.jpg
class_701158,Group Fitness Class,-76.48803891048553,42.44660528140398,Cycling Express,Cornell Rec class,Group Fitness,"Instructor: Harryette. Short on time or just getting started with exercise? Cycling Express is the perfect way to fit in an efficient, effective cardio workout. This 45-minute indoor cycling class blends energizing music with basic cycling movements, motivational coaching and breath awareness.This low-impact, high-energy ride lets you set the pace to match your goals. Whether you're building stamina or simply boosting your mood, this class will move you. ",Noyes Multipurpose Room,2026-03-27T18:15:00,2026-03-27T19:00:00,https://appdev-upload.nyc3.cdn.digitaloceanspaces.com/uplift/noyes.jpg
class_701203,Group Fitness Class,-76.48803891048553,42.44660528140398,Barre (CANCELED),Cornell Rec class,Group Fitness,"Instructor: Janice. This high-energy, low-impact class moves through a fast-paced series of exercises using small, controlled movements, isometric holds, and high repetitions—often with light equipment. You'll target muscles you didn’t even know you had, while strengthening your core, glutes, legs, and arms, and improving balance and posture.",Noyes Multipurpose Room,,,https://appdev-upload.nyc3.cdn.digitaloceanspaces.com/uplift/noyes.jpg
class_701206,Group Fitness Class,-76.48803891048553,42.44660528140398,Free ZUMBA®,Cornell Rec class,Group Fitness,"Instructor: Stephanie. No membership required.  Offered in collaboration with Cornell Minds Matter.ZUMBA® combines Latin rhythms and international dance moves to create an upbeat, calorie blasting experience! With a fusion of Latin, Bellydance, Reggaeton, Hip-Hop, and other forms of dance, routines feature aerobic interval training with a combination of fast and slow rhythms that tone and sculpt the body. Spend 45 minutes dancing your worries away! ",Noyes Multipurpose Room,2026-04-02T18:30:00,2026-04-02T19:15:00,https://appdev-upload.nyc3.cdn.digitaloceanspaces.com/uplift/noyes.jpg
class_701211,Group Fitness Class,-76.48803891048553,42.44660528140398,Yoga - Rockin' Flow (CANCELED),Cornell Rec class,Group Fitness,"Instructor: Linda. A dynamic, powerful, and music-filled class awaits you! From a Vinyasa Yoga flowing style, the arc of class follows the rhythm of the music, encouraging students to truly let go into the moment, providing space for deeper exploration of their yoga practice. Class always ends with a guided Deep Relaxation allowing students to soak it all in.  Although familiarity with yoga is helpful to participate, everyone is encouraged to attend and to challenge themselves at their own pace.",Noyes Multipurpose Room,,,https://appdev-upload.nyc3.cdn.digitaloceanspaces.com/uplift/noyes.jpg
class_701245,Group Fitness Class,-76.48803891048553,42.44660528140398,Yoga - Vinyasa,Cornell Rec class,Group Fitness,"Instructor: Marley. Vinyasa Yoga uses the breath as a guide to flow from one posture to the next resulting in cardiovascular development and the cultivation of equanimity, flexibility, and strength. This vibrant class creates a balance between moving fluidly from one form to another with learning variations to help one adapt to their individual needs.  Although familiarity with yoga is helpful to participate, everyone is encouraged to challenge themselves at their own pace.",Noyes Multipurpose Room,2026-04-07T20:00:00,2026-04-07T21:00:00,https://appdev-upload.nyc3.cdn.digitaloceanspaces.com/uplift/noyes.jpg
class_701265,Group Fitness Class,-76.48803891048553,42.44660528140398,Yoga - Rockin' Flow,Cornell Rec class,Group Fitness,"Instructor: Linda. A dynamic, powerful, and music-filled class awaits you! From a Vinyasa Yoga flowing style, the arc of class follows the rhythm of the music, encouraging students to truly let go into the moment, providing space for deeper exploration of their yoga practice. Class always ends with a guided Deep Relaxation allowing students to soak it all in.  Although familiarity with yoga is helpful to participate, everyone is encouraged to attend and to challenge themselves at their own pace.",Noyes Multipurpose Room,2026-04-10T16:45:00,2026-04-10T18:00:00,https://appdev-upload.nyc3.cdn.digitaloceanspaces.com/uplift/noyes.jpg
class_701169,Group Fitness Class,-76.48803891048553,42.44660528140398,Yoga - Gentle Vinyasa (CANCELED),Cornell Rec class,Group Fitness,"Instructor: Francesca. This Gentle Vinyasa Yoga class focuses on using the breath as a guide to flow slowly from one posture to the next resulting in cardiovascular development and the cultivation of equanimity, flexibility, and strength. This moderately paced class creates a balance between learning several postures in more detail, and moving fluidly, yet gently, from one pose to another.  Students of all levels are encouraged to attend and to challenge themselves at their own pace. ",Noyes Multipurpose Room,,,https://appdev-upload.nyc3.cdn.digitaloceanspaces.com/uplift/noyes.jpg
class_701171,Group Fitness Class,-76.48803891048553,42.44660528140398,Cycling  (CANCELED),Cornell Rec class,Group Fitness,Instructor: Jamie H.. ,Noyes Multipurpose Room,,,https://appdev-upload.nyc3.cdn.digitaloceanspaces.com/uplift/noyes.jpg
class_701189,Group Fitness Class,-76.48803891048553,42.44660528140398,H.I.I.T. & Core,Cornell Rec class,Group Fitness,"Instructor: Jenna. H.I.I.T. & Core is a total-body interval training workout that incorporates cardio/plyometrics, strength, and core work, using a variety of equipment such as light dumbbells, bands, or just body weight and a mat. The class is typically structured around timed intervals, helping you push through each round with focus and intensity. Bring a sweat towel, water bottle, and let’s smash this high-intensity session! ",Noyes Multipurpose Room,2026-03-31T19:00:00,2026-03-31T19:45:00,https://appdev-upload.nyc3.cdn.digitaloceanspaces.com/uplift/noyes.jpg
class_701205,Group Fitness Class,-76.48803891048553,42.44660528140398,Yoga - Ashtanga - Inspired (CANCELED),Cornell Rec class,Group Fitness,"Instructor: Jenni. This Ashtanga-Inspired Yoga class is a wonderfully challenging, yet accessible yoga class.  We mix the traditional Ashtanga Primary and Intermediate sequences with other yoga positions and practices, to create well-rounded sequences, regardless of experience.  Challenge yourself however you wish, and leave feeling relaxed and strong.",Noyes Multipurpose Room,,,https://appdev-upload.nyc3.cdn.digitaloceanspaces.com/uplift/noyes.jpg
class_701210,Group Fitness Class,-76.48803891048553,42.44660528140398,Core & More (CANCELED),Cornell Rec class,Group Fitness,"Instructor: Linda. Strengthen and condition your core muscles...and more! This class will work your core, which includes the abdominal and low back muscles. Additional exercises incorporate upper and lower body as a way to strengthen your core, giving you a full body workout! ",Noyes Multipurpose Room,,,https://appdev-upload.nyc3.cdn.digitaloceanspaces.com/uplift/noyes.jpg
class_701215,Group Fitness Class,-76.48803891048553,42.44660528140398,Cycling  (CANCELED),Cornell Rec class,Group Fitness,Instructor: Melissa. ,Noyes Multipurpose Room,,,https://appdev-upload.nyc3.cdn.digitaloceanspaces.com/uplift/noyes.jpg
class_701220,Group Fitness Class,-76.48803891048553,42.44660528140398,ZUMBA® (CANCELED),Cornell Rec class,Group Fitness,"Instructor: Cheryl. ZUMBA® combines Latin rhythms and international dance moves to create an upbeat, calorie blasting experience! With a fusion of Latin, Belly dance, Reggaeton, Hip-Hop, and other forms of dance, routines feature aerobic interval training with a combination of fast and slow rhythms that tone and sculpt the body. Spend 45 minutes dancing your worries away! ",Noyes Multipurpose Room,,,https://appdev-upload.nyc3.cdn.digitaloceanspaces.com/uplift/noyes.jpg
class_701225,Group Fitness Class,-76.48803891048553,42.44660528140398,Cycling  (CANCELED),Cornell Rec class,Group Fitness,Instructor: Jamie H.. ,Noyes Multipurpose Room,,,https://appdev-upload.nyc3.cdn.digitaloceanspaces.com/uplift/noyes.jpg
class_701230,Group Fitness Class,-76.48803891048553,42.44660528140398,Cycling & Yoga,Cornell Rec class,Group Fitness,"Instructor: Melissa. Experience the perfect balance of energy and relaxation in this unique class that combines indoor cycling with yoga. Begin with 30–35 minutes of heart-pumping cycling to build endurance and boost cardiovascular health, guided with a focus on breath, alignment, and mindful movement. Then, transition off the bike and onto a mat for a yoga flow designed to stretch and release the muscles most engaged during cycling, especially the hamstrings, hips, and spine. This class offers a complete mind-body reset, leaving you both energized and restored.",Noyes Multipurpose Room,2026-04-06T17:00:00,2026-04-06T18:15:00,https://appdev-upload.nyc3.cdn.digitaloceanspaces.com/uplift/noyes.jpg
class_701235,Group Fitness Class,-76.48803891048553,42.44660528140398,Cycling Express,Cornell Rec class,Group Fitness,"Instructor: Sydney Go.. Short on time or just getting started with exercise? Cycling Express is the perfect way to fit in an efficient, effective cardio workout. This 45-minute indoor cycling class blends energizing music with basic cycling movements, motivational coaching and breath awareness.This low-impact, high-energy ride lets you set the pace to match your goals. Whether you're building stamina or simply boosting your mood, this class will move you. ",Noyes Multipurpose Room,2026-04-06T19:45:00,2026-04-06T20:30:00,https://appdev-upload.nyc3.cdn.digitaloceanspaces.com/uplift/noyes.jpg
class_701240,Group Fitness Class,-76.48803891048553,42.44660528140398,Cardio Kickboxing & H.I.I.T.,Cornell Rec class,Group Fitness,"Instructor: Cheryl. Looking for a cardio routine that engages your entire body? This high-energy class combines powerful kickboxing moves with H.I.I.T. (High-Intensity Interval Training) drills to maximize your workout. You’ll punch, kick, and sweat your way through dynamic combos that build stamina, increase cardio capacity, and improve coordination. We move to the beat of the music, building fun, progressive sequences that keep you energized and motivated. Come ready to challenge yourself and have fun!",Noyes Multipurpose Room,2026-04-07T18:00:00,2026-04-07T18:50:00,https://appdev-upload.nyc3.cdn.digitaloceanspaces.com/uplift/noyes.jpg
class_701260,Group Fitness Class,-76.48803891048553,42.44660528140398,Free ZUMBA®,Cornell Rec class,Group Fitness,"Instructor: Stephanie. No membership required.  Offered in collaboration with Cornell Minds Matter.ZUMBA® combines Latin rhythms and international dance moves to create an upbeat, calorie blasting experience! With a fusion of Latin, Bellydance, Reggaeton, Hip-Hop, and other forms of dance, routines feature aerobic interval training with a combination of fast and slow rhythms that tone and sculpt the body. Spend 45 minutes dancing your worries away! ",Noyes Multipurpose Room,2026-04-09T18:30:00,2026-04-09T19:15:00,https://appdev-upload.nyc3.cdn.digitaloceanspaces.com/uplift/noyes.jpg
class_701264,Group Fitness Class,-76.48803891048553,42.44660528140398,Core & More,Cornell Rec class,Group Fitness,"Instructor: Linda. Strengthen and condition your core muscles...and more! This class will work your core, which includes the abdominal and low back muscles. Additional exercises incorporate upper and lower body as a way to strengthen your core, giving you a full body workout! ",Noyes Multipurpose Room,2026-04-10T16:00:00,2026-04-10T16:30:00,https://appdev-upload.nyc3.cdn.digitaloceanspaces.com/uplift/noyes.jpg
class_701269,Group Fitness Class,-76.48803891048553,42.44660528140398,Cycling ,Cornell Rec class,Group Fitness,Instructor: Melissa. ,Noyes Multipurpose Room,2026-04-11T11:30:00,2026-04-11T12:30:00,https://appdev-upload.nyc3.cdn.digitaloceanspaces.com/uplift/noyes.jpg
class_701274,Group Fitness Class,-76.48803891048553,42.44660528140398,ZUMBA®,Cornell Rec class,Group Fitness,"Instructor: Cheryl. ZUMBA® combines Latin rhythms and international dance moves to create an upbeat, calorie blasting experience! With a fusion of Latin, Belly dance, Reggaeton, Hip-Hop, and other forms of dance, routines feature aerobic interval training with a combination of fast and slow rhythms that tone and sculpt the body. Spend 45 minutes dancing your worries away! ",Noyes Multipurpose Room,2026-04-12T11:30:00,2026-04-12T12:15:00,https://appdev-upload.nyc3.cdn.digitaloceanspaces.com/uplift/noyes.jpg
class_701279,Group Fitness Class,-76.48803891048553,42.44660528140398,Cycling ,Cornell Rec class,Group Fitness,Instructor: Jamie H.. ,Noyes Multipurpose Room,2026-04-12T18:15:00,2026-04-12T19:15:00,https://appdev-upload.nyc3.cdn.digitaloceanspaces.com/uplift/noyes.jpg
